age,income,education_years,weekly_exercise_hrs,resting_hr,dose_mg,response,noise,site_code,region
43.0,,16.5,,63.0,4.1,705.29,0.785,1,west
29.6,27020.0,8.0,4.2,67.0,1.2,5.84,0.871,1,east
47.5,74196.0,14.5,3.7,71.0,1.8,17.37,-0.805,1,north
49.4,53439.0,11.6,7.2,64.0,0.88,2.4,-1.808,1,north
20.5,25607.0,10.9,2.8,68.0,2.34,40.94,1.543,1,south
27.0,35379.0,8.7,8.1,60.0,1.96,22.89,0.257,1,south
41.3,56273.0,11.2,3.5,67.0,1.2,8.15,-1.714,1,west
36.8,59455.0,15.1,1.4,69.0,3.76,409.02,-0.714,1,east
39.8,40835.0,13.4,4.1,78.0,1.57,11.1,0.772,1,west
31.5,57404.0,15.9,1.8,73.0,1.36,9.09,-0.28,1,east
48.8,59146.0,15.4,2.5,75.0,0.65,-2.93,-0.512,1,south
47.8,63652.0,13.5,4.8,66.0,2.19,34.68,1.401,1,east
40.7,51240.0,16.4,5.1,67.0,1.51,11.2,-1.047,1,east
51.3,68991.0,13.7,2.8,68.0,1.85,19.42,-0.798,1,east
44.7,54527.0,14.3,6.0,55.0,1.18,9.49,0.211,1,north
31.4,29999.0,10.8,6.3,60.0,3.82,445.38,0.39,1,east
43.7,61041.0,12.4,6.9,57.0,4.65,1696.83,0.496,1,south
30.4,38793.0,9.8,5.1,58.0,2.49,54.55,0.911,1,west
48.8,61258.0,14.9,6.7,60.0,3.21,170.01,0.199,1,west
39.5,54659.0,9.0,0.2,80.0,4.34,1037.42,0.489,1,east
38.2,50605.0,13.9,3.4,70.0,4.99,2932.26,-0.259,1,west
33.2,43137.0,11.2,2.3,77.0,3.07,137.9,0.063,1,east
52.2,72881.0,15.5,4.2,70.0,4.45,1239.25,0.108,1,north
38.5,49193.0,13.8,,74.0,4.54,1429.41,0.215,1,east
35.7,61649.0,16.3,3.7,66.0,3.96,563.75,0.773,1,west
36.5,47832.0,13.7,7.8,65.0,2.3,33.32,0.555,1,north
45.3,43227.0,8.3,3.7,72.0,0.41,4.23,0.044,1,north
43.7,65231.0,12.0,4.8,65.0,0.08,4.8,-0.809,1,south
44.1,39615.0,9.3,3.5,72.0,2.39,47.72,0.068,1,west
44.3,32818.0,10.9,4.2,71.0,2.47,49.4,-0.028,1,east
61.4,95147.0,16.8,4.0,67.0,2.04,28.18,0.193,1,west
35.9,71205.0,13.4,4.9,63.0,2.84,96.65,2.207,1,west
34.9,38168.0,10.0,6.3,61.0,2.76,87.44,-0.524,1,east
31.9,20965.0,9.1,7.3,64.0,4.18,800.09,0.422,1,east
46.2,55096.0,12.4,4.6,69.0,0.54,1.69,1.068,1,south
51.3,52630.0,9.5,5.2,64.0,1.13,8.34,0.098,1,north
38.9,44241.0,10.3,1.7,73.0,3.97,573.81,2.338,1,south
31.6,35533.0,12.4,3.8,72.0,4.24,880.24,-0.378,1,east
31.8,54506.0,14.5,5.9,69.0,4.97,2842.5,0.324,1,north
46.5,65546.0,13.8,5.7,73.0,4.36,1072.36,-0.799,1,north
47.4,35705.0,8.0,4.4,74.0,4.45,1236.71,-0.352,1,north
45.4,,13.0,5.8,62.0,1.57,12.99,0.249,1,east
33.3,60891.0,11.8,5.0,74.0,2.01,24.15,0.846,1,west
42.3,57196.0,13.1,6.4,63.0,1.34,12.97,0.319,1,west
41.2,59631.0,16.1,4.6,72.0,3.03,124.78,1.259,1,south
42.2,41844.0,8.0,3.3,70.0,4.69,1813.53,-0.095,1,east
48.7,61252.0,11.0,,66.0,1.72,15.71,-0.332,1,west
42.2,43135.0,13.6,0.0,68.0,2.79,89.47,2.704,1,east
46.8,49435.0,8.4,4.8,67.0,1.48,6.18,0.394,1,south
40.7,57756.0,15.7,0.0,69.0,0.85,-0.03,-0.719,1,south
42.9,71143.0,13.1,0.6,78.0,0.98,-1.32,-0.694,1,east
46.3,61277.0,14.4,4.9,74.0,0.29,1.69,-0.943,1,south
25.4,45703.0,9.8,5.0,64.0,4.75,1994.84,0.937,1,west
36.8,44040.0,13.9,1.7,74.0,2.01,23.77,-0.364,1,west
35.3,57468.0,14.4,2.6,68.0,4.17,791.96,0.127,1,north
33.6,48545.0,12.3,6.7,62.0,3.41,232.23,-0.064,1,east
37.2,42528.0,12.4,3.0,74.0,0.96,5.34,0.731,1,south
54.9,69329.0,13.4,8.5,62.0,0.88,3.19,-0.847,1,east
31.3,46370.0,9.4,4.0,76.0,4.06,664.5,-1.076,1,south
49.7,57390.0,12.1,4.8,66.0,1.32,9.69,0.224,1,south
23.2,19344.0,10.8,7.2,68.0,4.57,1496.09,0.601,1,south
36.7,49889.0,12.8,4.3,69.0,0.7,2.56,0.333,1,north
41.6,51721.0,14.6,2.0,75.0,3.39,229.92,-0.809,1,west
45.9,47571.0,9.6,3.8,68.0,4.07,674.35,0.677,1,north
47.1,56737.0,12.0,3.9,69.0,1.18,2.42,-0.744,1,south
47.9,54715.0,16.1,1.3,73.0,1.38,11.06,-0.522,1,north
36.5,29925.0,10.0,3.5,66.0,4.82,2231.75,-0.944,1,north
35.4,44967.0,9.7,2.5,74.0,1.32,12.5,1.301,1,south
48.6,56808.0,12.9,5.8,69.0,2.15,34.26,0.633,1,west
38.1,33772.0,14.0,,71.0,2.16,32.56,0.605,1,west
27.2,44259.0,11.4,3.4,76.0,1.27,8.1,1.247,1,south
28.7,50009.0,14.8,3.8,75.0,3.88,496.08,2.813,1,east
30.8,41259.0,13.7,4.4,67.0,3.86,483.1,-1.709,1,west
45.0,50965.0,14.4,5.2,69.0,1.89,19.46,-0.738,1,north
41.4,62696.0,13.5,2.0,70.0,4.18,803.42,-0.616,1,west
46.9,75505.0,18.2,1.9,72.0,1.07,8.16,-0.851,1,north
35.7,64441.0,11.3,6.2,63.0,0.02,-0.65,-1.078,1,north
41.6,45802.0,8.0,3.2,77.0,2.86,95.28,-0.3,1,south
46.3,70522.0,16.3,1.2,75.0,4.97,2837.67,-1.217,1,north
36.9,43625.0,10.7,4.9,67.0,0.19,-1.84,0.335,1,west
44.6,62924.0,12.5,4.9,72.0,1.04,-0.2,0.052,1,west
33.4,57311.0,14.9,0.9,65.0,2.59,65.24,0.481,1,south
36.4,,8.0,4.5,60.0,4.05,657.4,0.508,1,west
36.2,35159.0,8.7,5.5,70.0,0.45,6.33,0.603,1,west
28.0,26717.0,8.0,4.7,68.0,1.98,18.88,-0.373,1,west
44.9,47327.0,10.3,5.3,68.0,3.74,399.2,2.121,1,west
35.3,55346.0,12.9,1.2,68.0,1.86,23.88,0.234,1,east
40.1,66327.0,13.3,4.7,68.0,0.94,3.13,-1.862,1,north
44.8,53899.0,12.9,3.4,78.0,0.98,5.1,-1.002,1,west
44.5,43402.0,8.7,3.0,74.0,2.05,20.55,-1.741,1,east
46.7,49543.0,8.0,5.7,67.0,2.4,47.33,0.017,1,west
39.0,48384.0,12.1,7.0,63.0,4.31,985.12,-0.122,1,west
35.8,51336.0,10.6,,62.0,3.21,170.63,-0.468,1,north
39.2,35016.0,13.1,6.6,57.0,3.45,244.95,2.011,1,south
23.1,31426.0,12.9,3.8,70.0,4.91,2582.8,0.549,1,north
25.5,30691.0,11.6,4.7,71.0,2.06,30.08,0.726,1,north
26.8,23557.0,13.2,5.5,60.0,2.02,22.98,-0.931,1,west
30.0,34541.0,12.1,4.2,66.0,4.62,1619.54,-0.999,1,west
44.0,51029.0,13.5,4.3,64.0,1.23,0.69,0.037,1,west
30.9,35701.0,9.8,5.6,63.0,3.65,342.98,0.173,1,west
36.2,54984.0,11.4,3.9,69.0,3.77,414.8,-1.856,1,east
53.0,63490.0,13.1,2.5,63.0,0.49,-2.46,-0.18,1,east
36.4,44263.0,13.9,3.2,73.0,2.34,43.63,0.014,1,west
47.4,55704.0,11.4,5.3,70.0,1.0,3.6,-0.215,1,east
30.7,53023.0,12.8,4.0,68.0,0.93,1.2,-0.813,1,east
37.9,39302.0,11.2,4.7,58.0,2.32,39.27,-0.54,1,north
30.5,33165.0,11.2,5.3,63.0,1.45,13.39,-0.177,1,east
36.6,57158.0,13.9,3.3,75.0,3.98,584.7,0.091,1,west
48.4,46788.0,8.0,5.5,56.0,4.54,1427.57,0.605,1,east
22.7,30610.0,8.0,4.8,66.0,4.01,613.41,1.081,1,south
44.3,46011.0,8.5,1.5,68.0,1.33,4.92,-0.294,1,north
42.4,48773.0,8.0,6.9,68.0,1.37,9.05,-0.456,1,north
34.1,32409.0,10.0,3.0,68.0,1.27,8.07,0.438,1,east
25.5,40603.0,13.1,0.7,76.0,0.68,1.56,0.611,1,east
40.7,48194.0,11.3,1.9,74.0,4.72,1905.85,-0.434,1,west
34.7,37003.0,12.2,,79.0,2.01,22.59,0.79,1,west
42.3,47562.0,14.8,4.1,68.0,1.12,7.53,0.98,1,south
40.2,64916.0,15.3,3.5,71.0,4.23,871.23,1.292,1,west
56.0,64092.0,12.6,3.3,64.0,2.0,15.78,1.778,1,east
37.6,48912.0,15.3,5.2,72.0,0.18,4.9,-0.866,1,south
29.8,40301.0,11.7,4.7,65.0,0.81,-5.49,0.014,1,west
41.8,56644.0,10.0,4.6,66.0,3.2,165.49,0.011,1,north
42.2,31234.0,10.6,4.8,68.0,3.91,524.21,-0.098,1,east
53.6,,9.0,5.2,61.0,1.05,4.41,-0.649,1,west
48.4,46677.0,10.2,0.0,76.0,4.59,1542.49,-1.486,1,east
43.6,64179.0,11.3,3.3,74.0,4.25,894.57,0.093,1,west
54.6,73151.0,14.7,0.0,76.0,4.24,886.68,-0.768,1,north
28.1,55679.0,15.7,4.1,62.0,1.14,0.43,0.086,1,east
33.6,26619.0,8.2,4.0,69.0,0.25,4.88,-0.794,1,west
30.7,34924.0,12.5,6.1,69.0,4.34,1036.74,-1.1,1,east
36.1,44073.0,9.2,6.4,58.0,1.53,7.99,0.234,1,west
26.2,40296.0,12.5,4.4,64.0,3.09,138.58,0.151,1,south
46.4,61150.0,12.0,3.0,74.0,3.8,433.98,0.579,1,east
37.8,37519.0,8.0,5.0,69.0,0.64,5.38,2.186,1,south
25.3,43995.0,13.6,2.9,72.0,3.9,515.06,0.277,1,west
29.8,38085.0,10.0,4.0,76.0,4.69,1810.13,0.485,1,north
43.1,57012.0,10.8,6.0,68.0,3.64,337.11,-1.078,1,south
48.4,59266.0,9.7,2.9,73.0,2.21,31.74,-1.287,1,north
60.0,54541.0,11.4,,77.0,4.38,1109.32,1.583,1,east
69.1,65462.0,14.5,5.4,66.0,2.64,64.26,-0.923,1,north
44.1,61954.0,11.7,2.1,69.0,3.72,389.33,-1.044,1,south
30.1,52342.0,12.3,5.9,68.0,4.1,706.17,-0.039,1,west
18.7,23165.0,11.8,5.4,69.0,3.75,399.94,-0.09,1,south
42.7,47051.0,15.4,4.2,67.0,1.44,7.98,-0.903,1,north
31.9,41252.0,10.7,2.5,67.0,0.59,0.17,-0.305,1,north
35.8,44917.0,8.1,2.3,81.0,1.19,2.89,1.229,1,north
33.9,65891.0,14.4,2.9,72.0,2.51,55.76,-0.806,1,west
38.6,51620.0,11.1,5.1,64.0,2.53,53.6,-1.394,1,east
50.7,65906.0,15.3,2.1,76.0,2.91,98.67,0.943,1,west
41.6,47795.0,13.0,4.9,67.0,1.98,22.62,0.492,1,north
38.4,48652.0,11.6,1.5,72.0,3.93,532.67,-0.621,1,south
29.6,40246.0,12.4,3.6,72.0,4.57,1495.91,-1.582,1,north
23.3,37849.0,16.0,4.2,64.0,1.23,4.43,-0.745,1,south
35.1,75230.0,16.9,8.9,63.0,3.68,358.07,-0.055,1,east
39.5,65081.0,12.1,1.2,81.0,3.39,232.79,1.166,1,west
57.7,79268.0,13.3,6.9,67.0,2.62,66.32,-1.037,1,south
41.3,51803.0,14.8,4.3,67.0,0.94,5.24,-0.085,1,west
49.8,62660.0,10.4,4.8,66.0,3.98,577.56,0.675,1,east
35.0,53117.0,12.6,4.2,67.0,4.8,2162.66,-2.381,1,south
28.2,42170.0,11.3,4.9,67.0,3.61,323.11,1.034,1,west
30.3,53017.0,12.3,3.7,68.0,4.59,1543.81,-1.182,1,south
32.7,43513.0,9.6,,68.0,4.92,2625.53,0.332,1,north
61.3,68840.0,9.1,3.1,63.0,1.76,13.1,0.247,1,west
31.8,38715.0,8.0,6.3,69.0,3.19,163.82,1.085,1,west
48.4,,9.6,2.7,69.0,2.37,42.59,0.551,1,north
31.0,24631.0,10.4,3.9,71.0,4.93,2665.6,-2.377,1,west
49.3,59289.0,11.7,1.9,68.0,0.47,0.2,-0.785,1,west
43.8,62470.0,17.0,4.9,73.0,2.06,26.19,0.138,1,west
38.4,46071.0,14.7,6.9,70.0,4.38,1104.73,-0.195,1,south
39.6,58095.0,9.6,3.8,73.0,1.42,7.5,0.478,1,east
33.5,60232.0,12.5,3.6,64.0,3.94,548.21,0.789,1,east
44.5,63924.0,11.2,1.8,76.0,1.91,21.96,0.608,1,east
35.5,46742.0,11.1,3.5,71.0,4.9,2539.94,-0.214,1,east
27.7,50235.0,11.8,0.8,67.0,4.42,1177.21,-1.846,1,east
27.2,41826.0,12.9,2.2,72.0,1.51,13.59,-0.455,1,east
41.7,52152.0,11.2,4.5,70.0,3.85,472.72,0.416,1,east
55.8,64972.0,15.4,6.6,67.0,1.68,13.78,-1.09,1,east
41.6,48616.0,9.2,9.6,61.0,3.03,127.8,0.631,1,north
38.8,50403.0,12.0,2.8,72.0,3.29,198.34,0.908,1,north
42.9,59689.0,18.6,6.9,71.0,4.15,761.07,0.127,1,west
53.1,65380.0,13.2,4.5,73.0,0.12,3.52,-3.064,1,west
42.2,61592.0,15.7,3.7,58.0,1.1,0.13,-1.278,1,east
35.9,61690.0,12.0,4.9,66.0,3.56,298.33,1.886,1,north
51.1,73144.0,14.0,4.1,68.0,2.82,95.83,-0.547,1,west
44.3,55212.0,12.1,,62.0,2.48,54.34,-1.984,1,north
55.4,67600.0,12.3,3.2,71.0,0.28,2.08,1.235,1,south
41.8,48224.0,10.1,1.2,78.0,1.74,14.5,0.013,1,south
27.8,39647.0,12.5,0.9,69.0,4.33,1020.54,1.105,1,north
26.3,23011.0,9.2,5.3,68.0,0.15,0.52,0.277,1,west
56.5,70892.0,14.5,3.4,66.0,1.98,21.4,0.459,1,east
57.2,69511.0,15.6,2.8,68.0,4.73,1934.4,0.363,1,south
38.2,41377.0,12.8,4.0,75.0,0.25,2.09,0.697,1,east
36.2,49420.0,11.1,5.6,64.0,3.75,401.13,2.277,1,north
54.6,72020.0,13.9,4.4,70.0,1.29,5.46,0.971,1,south
28.9,23466.0,10.7,2.7,63.0,4.33,1016.37,-1.58,1,east
31.1,46759.0,13.9,6.5,73.0,3.73,391.9,0.447,1,south
46.4,54726.0,8.0,7.2,67.0,4.43,1199.15,1.141,1,west
36.1,53464.0,11.0,5.0,67.0,1.08,6.32,1.203,1,north
39.9,49117.0,8.0,5.9,68.0,2.66,73.42,-0.427,1,north
38.4,40371.0,8.2,6.5,60.0,3.9,513.12,1.165,1,east
43.4,56300.0,15.6,6.3,70.0,1.23,8.33,0.928,1,west
54.1,62270.0,14.9,5.2,66.0,1.15,7.21,2.573,1,south
40.9,50067.0,10.2,5.2,66.0,0.14,0.98,-0.75,1,north
46.4,51294.0,8.6,5.0,66.0,4.79,2128.67,-0.507,1,west
19.5,32849.0,8.0,1.8,70.0,3.55,299.59,-0.306,1,south
39.5,,10.6,5.4,70.0,3.18,160.71,-0.49,1,north
31.6,56382.0,17.6,1.3,74.0,3.72,382.52,-0.89,1,east
27.8,31316.0,12.5,,74.0,2.66,71.83,-2.763,1,south
31.2,36027.0,10.2,6.6,65.0,2.38,45.82,-0.435,1,west
36.7,52268.0,13.0,5.7,69.0,2.25,32.38,0.369,1,south
49.2,49163.0,8.6,7.0,63.0,3.2,170.7,-0.493,1,east
26.7,30907.0,10.6,3.5,79.0,1.01,4.75,1.935,1,east
40.3,54043.0,12.3,1.7,66.0,4.44,1213.49,0.013,1,north
35.2,41398.0,11.5,3.5,75.0,4.06,666.05,1.291,1,south
36.7,47505.0,13.8,4.2,74.0,1.75,18.32,0.261,1,north
50.0,65992.0,13.4,4.2,65.0,2.89,98.11,0.826,1,east
45.4,57394.0,13.9,6.3,74.0,0.71,8.45,0.279,1,west
53.4,62263.0,10.9,3.3,74.0,4.86,2384.7,1.369,1,west
38.5,57336.0,14.2,4.7,72.0,4.51,1361.0,0.056,1,south
33.0,44835.0,15.7,2.0,72.0,4.61,1601.96,0.496,1,south
37.8,38920.0,9.5,4.9,67.0,1.66,14.72,0.366,1,east
42.4,59412.0,9.9,4.0,68.0,0.85,3.81,-0.288,1,east
41.8,51823.0,15.4,2.5,73.0,1.06,3.47,0.405,1,west
29.2,21847.0,11.0,3.5,75.0,0.45,3.8,2.234,1,north
40.9,45915.0,15.6,3.6,70.0,0.6,4.04,-0.27,1,north
42.3,50803.0,11.0,3.5,66.0,0.36,1.82,0.419,1,south
65.2,86177.0,16.9,7.5,67.0,4.95,2749.4,1.258,1,south
58.8,70229.0,13.3,3.8,73.0,0.37,2.2,1.14,1,south
31.5,53564.0,12.2,3.5,72.0,0.66,2.67,0.012,1,west
37.1,36507.0,15.8,0.0,78.0,4.14,748.95,-2.383,1,north
25.4,37027.0,10.4,,71.0,2.9,99.13,0.517,1,west
34.1,51682.0,9.4,3.5,66.0,3.87,490.52,-2.219,1,east
43.2,42358.0,11.0,2.6,68.0,3.15,146.66,1.47,1,east
52.1,63102.0,13.7,6.8,58.0,4.41,1160.41,0.169,1,east
32.7,28407.0,8.0,3.7,70.0,3.19,163.25,1.0,1,north
33.5,41245.0,13.3,6.6,65.0,2.61,69.03,-0.902,1,east
18.5,23040.0,9.6,4.1,67.0,3.56,296.19,-1.553,1,north
38.4,67980.0,14.8,4.1,57.0,2.24,38.0,0.261,1,east
29.4,46159.0,8.0,3.8,64.0,1.73,14.74,-0.034,1,east
34.7,38042.0,9.8,4.0,73.0,2.34,42.61,-0.492,1,east
31.2,48320.0,8.0,7.4,61.0,0.85,6.11,0.085,1,south
39.1,45225.0,9.9,0.0,76.0,3.98,581.5,2.767,1,south
22.4,48440.0,11.7,0.0,69.0,1.3,10.99,0.835,1,south
25.3,34024.0,10.8,2.9,76.0,0.77,0.45,1.049,1,north
61.3,72218.0,12.4,4.0,68.0,1.23,8.04,0.844,1,east
27.1,39814.0,11.0,5.4,68.0,4.21,844.95,1.479,1,north
29.0,,12.0,4.9,77.0,1.65,15.99,-0.19,1,south
58.4,70370.0,10.4,3.2,76.0,3.43,247.52,-2.055,1,east
69.1,79532.0,15.2,6.0,65.0,4.28,939.7,-0.189,1,north
28.3,50972.0,13.1,6.1,63.0,0.39,-2.27,0.812,1,west
36.3,46775.0,12.8,4.4,67.0,3.83,455.54,-0.97,1,south
43.4,54142.0,13.6,5.9,68.0,1.54,13.73,-0.176,1,north
57.3,77839.0,13.6,4.5,68.0,1.08,7.12,-0.692,1,east
30.1,53839.0,16.6,,69.0,3.44,245.98,1.502,1,east
37.5,50229.0,11.7,5.4,73.0,4.55,1447.62,0.749,1,east
47.8,57132.0,11.6,4.2,68.0,1.48,12.98,0.652,1,west
44.3,53313.0,10.3,4.0,78.0,2.84,90.39,0.622,1,south
36.2,43980.0,9.2,6.9,65.0,1.45,13.65,-0.037,1,west
38.7,26334.0,8.8,0.0,82.0,2.77,92.67,0.198,1,south
26.3,36753.0,9.1,1.2,75.0,3.11,145.99,-1.185,1,east
37.6,40234.0,11.7,1.6,76.0,3.05,133.38,-2.186,1,north
37.3,38782.0,12.7,3.3,67.0,3.12,145.75,0.15,1,east
42.3,53103.0,12.2,3.5,66.0,0.68,-2.46,0.324,1,south
34.4,41132.0,9.8,1.0,75.0,3.47,255.94,1.209,1,east
44.7,55932.0,14.5,2.0,76.0,3.37,216.36,1.571,1,west
50.1,72738.0,14.4,2.3,72.0,3.41,229.82,1.57,1,west
41.6,40953.0,11.7,8.9,57.0,0.37,6.97,-0.998,1,west
43.5,47144.0,10.5,7.6,58.0,2.23,36.26,-0.352,1,north
40.5,50271.0,13.4,3.2,64.0,2.05,27.71,0.48,1,north
40.0,51877.0,12.5,3.3,63.0,0.43,1.06,2.532,1,west
32.8,36751.0,8.0,1.7,73.0,1.11,5.39,1.48,1,south
43.2,45817.0,12.0,0.2,79.0,2.2,36.68,1.119,1,north
39.0,57394.0,12.6,3.8,69.0,3.71,378.32,-0.388,1,south
60.9,67314.0,10.8,2.0,63.0,1.19,8.3,-0.883,1,west
55.7,53244.0,13.3,3.8,69.0,4.15,764.51,0.789,1,south
43.9,30341.0,8.6,0.8,73.0,2.73,77.86,-1.101,1,north
32.4,51561.0,15.0,,80.0,3.8,432.81,-0.238,1,east
28.9,45742.0,14.6,4.3,63.0,2.36,37.71,-0.115,1,north
51.9,60883.0,12.0,4.7,66.0,2.5,53.81,1.593,1,south
42.6,55616.0,13.0,4.8,75.0,3.1,142.76,-0.355,1,north
44.8,47124.0,8.0,1.4,75.0,4.64,1671.86,-2.439,1,east
22.6,33421.0,8.2,5.7,69.0,2.46,51.11,0.504,1,south
49.3,49731.0,11.7,2.4,72.0,2.64,68.47,-0.699,1,west
44.5,39424.0,9.5,5.3,68.0,3.01,117.0,0.043,1,south
28.9,35263.0,13.2,4.0,72.0,3.69,363.76,-0.087,1,north
35.3,61081.0,16.8,1.2,70.0,0.36,3.0,-0.274,1,north
42.6,56300.0,9.2,3.4,73.0,2.58,63.21,0.79,1,north
40.5,,9.9,4.7,62.0,2.41,43.81,-1.533,1,south
37.1,29376.0,12.4,5.2,69.0,4.61,1597.66,-0.517,1,north
39.0,46468.0,16.0,3.7,70.0,2.47,55.11,0.684,1,south
37.5,34086.0,8.8,7.1,62.0,2.34,44.6,-0.614,1,west
41.5,49638.0,12.7,6.0,66.0,4.81,2199.25,-1.609,1,west
54.7,74213.0,17.3,3.5,67.0,2.25,35.19,0.669,1,east
14.3,18179.0,8.0,5.5,62.0,0.9,2.33,1.123,1,west
37.6,38096.0,8.7,7.9,62.0,1.08,7.03,-0.045,1,west
41.8,58515.0,11.0,7.9,59.0,0.48,2.74,-1.961,1,east
43.0,45292.0,10.8,1.5,74.0,0.0,2.89,0.706,1,west
36.3,45271.0,13.8,2.1,67.0,2.16,32.09,-1.66,1,north
22.4,38241.0,11.7,7.0,67.0,3.85,475.88,0.309,1,west
43.3,31685.0,8.0,,67.0,3.67,355.24,-0.887,1,south
