state,order_value,customer_pop
Alabama,"$1,200.50",4874747
AL,300,4874747
Texas,5200,28304596
texas ,"1,800",28304596
TX,650,28304596
Californa,4100,39536653
6,9900,39536653
California,15000,39536653
ny,7300,19849399
New York,2600,19849399
"D.C.",410,693972
Washington DC,90,693972
Ohio,,11658609
Oregon,n/a,4142776
Puerto Rico,220,3337177
Guam,35,165718
,12,0
Florida,"$8,750",20984400
FL,1250,20984400
Vermont,0,626299
Wyoming,-40,579315
Nebraska,880,1920076
Mississippi,1500,2984100
Idaho,660,1716943
