job_id,title,category,ok
3905313015,"Registered Nurse, Atlantic Visiting Nurse, Full-Time",HEALTHCARE,1
3904994359,Data Engineer (Data as a Service),INFORMATION-TECHNOLOGY,1
3906221855,"Registered Nurse (RN), Observation Unit",HEALTHCARE,1
3902928957,Face to Face Customer Service Representative,BPO,1
3894614887,IT Helpdesk Specialist,INFORMATION-TECHNOLOGY,1
3904390634,"Sr. Solution Consultant, Financials - Retail, Hospitality, & Transportation",CONSULTANT,1
3887906714,Senior Accountant,ACCOUNTANT,1
3884806743,Diesel Technician/Mechanic II,AUTOMOBILE,1
3904955478,Financial Controller (WholeSaler),ACCOUNTANT,1
3900984046,Technical Sales Specialist,SALES,1
3903880442,"Northern Colorado Multimedia Journalist, KMGH",DIGITAL-MEDIA,1
3900075235,Route Sales & Service Technician Level II,SALES,1
3895567582,"Manager, Software Engineering",INFORMATION-TECHNOLOGY,1
3899530013,Mortgage Loan Processor,BANKING,1
3887576525,"Lead Electrical Engineer - Substation Design - Houston, TX (Hybrid)",ENGINEERING,1
3905255306,"Physician: Family Medicine in Freeland, Michigan",HEALTHCARE,1
3886466312,RN Fellow - Emergency *PSJHC June 2024*,HEALTHCARE,1
3903817192,Registered Nurse (RN) Wound Care,HEALTHCARE,1
3905847178,Mortgage Loan Officer,BANKING,1
3901645905,Physician- BHIP Psychiatrist,HEALTHCARE,1
3885866538,Senior CAD Designer - Water/Wastewater,DESIGNER,0
3901928771,Accountant Payable Trainee,ACCOUNTANT,1
3905853524,Prep Cook,CHEF,1
3904953948,Registered Nurse (RN) | Progressive Care Unit (PCU) - Contract - Days,HEALTHCARE,1
3905326962,Account Manager - Automation and Control,SALES,1
3905349707,Developer,INFORMATION-TECHNOLOGY,1
3901949290,Physical Therapist,HEALTHCARE,1
3898157612,Commercial Contracts Counsel,ADVOCATE,1
3884842897,Business Sales & Delivery Executive - SAP,SALES,1
3891075612,Physician Practice RN- Orthopedics & Sports Medicine,HEALTHCARE,1
3903808754,Sales and Service Technician,SALES,0
3889744813,LICENSED PRACTICAL NURSE - CAPITAL NURSING AND REHABILITATION CENTER,HEALTHCARE,1
3902863497,Physical Therapist *Sign on Bonus*,HEALTHCARE,1
3904421593,Seasonal Sales Associate - Sevierville Tanger Outlet,SALES,1
3887893482,Personal Banker Minneapolis Area,BANKING,1
3905326767,Pharmacist - Sharp Grossmont Hospital - Night Shift - Full Time,HEALTHCARE,1
3887571966,Senior Software Engineer Test,INFORMATION-TECHNOLOGY,1
3904994385,Nurse Immersion ICU Per Diem Days BMC,HEALTHCARE,1
3884442324,"Licensed Practical Nurse, Dermatology",HEALTHCARE,1
3902322795,Sr Sales Development Representative (Cryo-EM Life Sciences)(West Coast),SALES,1
3888932989,Manufacturing Engineer,ENGINEERING,1
3898170697,Nurse - RN - Psychology,HEALTHCARE,1
3901394540,Content Writer,DIGITAL-MEDIA,1
3891061116,Physical Therapist,HEALTHCARE,1
3898170618,Office 365 Systems Administrator,INFORMATION-TECHNOLOGY,1
3904388534,Part-Time Line Cook,CHEF,1
3889123447,Sales Leader,SALES,1
3884447063,Sales Account Manager,SALES,1
3904942606,Corporate Attorney,ADVOCATE,1
3902351683,Big Data Engineer,INFORMATION-TECHNOLOGY,1
3905371682,Certified Nurse Assistant Women's Health 1B PRN Days Edgewood,HEALTHCARE,1
3901669443,Medical Assistant,HEALTHCARE,1
3903887380,"Global Product Teams Finance Manager, R&D Finance",FINANCE,1
3903832140,Outside Sales Representative,SALES,1
3901966020,Python Developer (looking for local candidates to AZ),INFORMATION-TECHNOLOGY,1
3902780852,Business Development Manager,BUSINESS-DEVELOPMENT,1
3901632935,Process Engineer,ENGINEERING,1
3902354096,Data Administrator / Data Entry,BPO,1
3888976415,Associate Dentist,HEALTHCARE,1
3888030104,Sales Manager,SALES,1
3906214795,Cardiovascular Special Procedures Radiologic Tech / PRN,HEALTHCARE,1
3905854421,Sales Representative/Poured Walls Project Manager,SALES,1
3894579432,Licensed Practical Nurse (LPN),HEALTHCARE,1
3904949702,"Customer Service Representative, Full or Part Time",BPO,1
3902954342,Senior Accountant,ACCOUNTANT,1
3905365026,Designer,DESIGNER,1
3903454835,Tampa HSPT Tutor,TEACHER,1
3906092908,FLATIRONS SUBARU - Sales Associate,SALES,1
3889401641,Principal Assembler Developer,INFORMATION-TECHNOLOGY,1
3900964265,DevOps Engineer - Only W2,INFORMATION-TECHNOLOGY,1
3906237921,"Major Account Manager - PBI (Branchburg, NJ & Swiftwater PA)",SALES,1
3901632205,Investment Associate,FINANCE,1
3901956882,Digital Marketing Intern,DIGITAL-MEDIA,1
3901668997,Industrial Sales and Rentals Representative,SALES,1
3901682275,Construction Project Director,CONSTRUCTION,1
3902311976,Business Development Manager,BUSINESS-DEVELOPMENT,1
3900078820,"RN, PreSurgery Assessment",HEALTHCARE,1
3903887267,Registered Nurse ICU Stepdown PRN,HEALTHCARE,1
3902846089,Crop Insurance Account Specialist,AGRICULTURE,0
3895814513,Director Accounting – Washington DC,ACCOUNTANT,1
3901683962,Design Sales Associate,SALES,1
3903445947,Customer Experience & Operations Consultant 3,CONSULTANT,1
3901483377,Portfolio Manager,FINANCE,1
3904719630,Occupational Therapist Home Health PRN,HEALTHCARE,1
1573178251,Social Media Coordinator,DIGITAL-MEDIA,1
3886845701,Payee/Benefits Specialist,HR,1
3904511238,Sales Associate-The Commons at Holmdel,SALES,1
3905663033,REGISTERED NURSE - PARKVIEW HEALTH AND REHABILITATION CENTER,HEALTHCARE,1
3905371167,"SVB - Vice President I, Technology Relationship Banking - Consumer Internet",BANKING,1
3901987106,New Business Development Representative,BUSINESS-DEVELOPMENT,1
3906249734,Licensed Vocational Nurse (LVN) I/II/III – ENT,HEALTHCARE,1
3902849532,RN Registered Nurse ,HEALTHCARE,1
3835918209,Physical Therapist Assistant,HEALTHCARE,1
3905334838,Part Time Retail Merchandiser - Newberry SC 29108,APPAREL,0
3902875974,Director of Human Resources,HR,1
3903811948,Executive Underwriter,BANKING,0
3904429586,Marketing and Public Relations Associate,PUBLIC-RELATIONS,1
3901976443,Assistant Controller,ACCOUNTANT,1
3898178121,Financial Analyst,FINANCE,1
3906246939,Assistant Store Manager,SALES,1
