respondent_id,department,tenure,I enjoy the work I do,My manager supports my growth,I feel fairly paid for my role,I often think about leaving the company,Communication across teams is effective,I would recommend this company to a friend,I have the tools I need to do my job,work-life balance (1-5),what_works_well,what_to_improve
R001,Sales,3+ years,Agree,Strongly agree,Agree,Neutral,Agree,Somewhat agree,Agree,5,Interesting projects with room to learn new skills. Flexible remote work makes a real difference.,
R002,Support,1-3 years,Strongly agree,Agree,Disagree,Agree,Neutral,Agree,Somewhat disagree,4,Interesting projects with room to learn new skills. Good benefits and fair pay for the role.,Career growth paths are unclear and promotions feel slow. Too many meetings eat into focused work time.
R003,Operations,Under 1 year,Agree,Agree,Agree,Agree,Strongly agree,Neutral,Somewhat agree,3,Great colleagues and a friendly culture.,
R004,Operations,3+ years,Strongly agree,Neutral,Neutral,Agree,Neutral,Somewhat agree,Somewhat agree,5,Good benefits and fair pay for the role. My manager gives clear feedback and trusts me.,
R005,Support,1-3 years,Strongly agree,Neutral,,Disagree,Strongly agree,Agree,Somewhat agree,3,Flexible remote work makes a real difference. My manager gives clear feedback and trusts me.,
R006,Sales,Under 1 year,Strongly agree,Strongly agree,Strongly agree,Agree,Strongly agree,Somewhat agree,Neutral,4,Interesting projects with room to learn new skills.,
R007,Support,Under 1 year,Strongly agree,Strongly agree,Agree,Neutral,Neutral,Somewhat agree,,4,The team is supportive and collaborative.,Too many meetings eat into focused work time.
R008,Sales,Under 1 year,Neutral,Strongly agree,Strongly agree,Neutral,Neutral,Somewhat agree,Somewhat agree,5,Flexible remote work makes a real difference. Good benefits and fair pay for the role.,Too many meetings eat into focused work time.
R009,Engineering,3+ years,Agree,Strongly agree,Agree,Neutral,,Neutral,Agree,2,Good benefits and fair pay for the role. My manager gives clear feedback and trusts me.,Communication between departments needs improvement.
R010,Engineering,3+ years,Agree,Strongly agree,Strongly agree,Agree,Strongly agree,Agree,Somewhat agree,5,Interesting projects with room to learn new skills. Great colleagues and a friendly culture.,Tooling is outdated and deployments are painful.
R011,Sales,3+ years,Neutral,Neutral,Neutral,Disagree,Neutral,Agree,Somewhat agree,3,Flexible remote work makes a real difference. My manager gives clear feedback and trusts me.,Career growth paths are unclear and promotions feel slow.
R012,Support,3+ years,Agree,Strongly agree,Agree,Neutral,Neutral,Neutral,Neutral,3,Great colleagues and a friendly culture.,Onboarding documentation is thin and hard to find. Tooling is outdated and deployments are painful.
R013,Engineering,Under 1 year,Agree,Agree,Agree,Strongly agree,Strongly agree,Agree,Somewhat agree,5,The team is supportive and collaborative. Great colleagues and a friendly culture.,Too many meetings eat into focused work time. Onboarding documentation is thin and hard to find.
R014,Support,Under 1 year,Agree,Strongly agree,Neutral,,Agree,Neutral,Somewhat agree,5,My manager gives clear feedback and trusts me.,Workload is heavy during release weeks.
R015,Operations,3+ years,Strongly agree,Strongly agree,Strongly agree,,Agree,Neutral,Somewhat agree,,Interesting projects with room to learn new skills. Good benefits and fair pay for the role.,
R016,Engineering,Under 1 year,Strongly agree,Agree,Agree,Disagree,Agree,Somewhat agree,Somewhat disagree,4,Good benefits and fair pay for the role. Great colleagues and a friendly culture.,Too many meetings eat into focused work time.
R017,Engineering,1-3 years,Strongly agree,Strongly agree,,Agree,Strongly agree,Strongly agree,Somewhat agree,3,Flexible remote work makes a real difference.,Too many meetings eat into focused work time.
R018,Support,3+ years,Strongly agree,Disagree,Agree,Strongly agree,Agree,Somewhat agree,Somewhat agree,2,Interesting projects with room to learn new skills.,Communication between departments needs improvement.
R019,Engineering,1-3 years,Agree,Agree,Strongly agree,Neutral,Agree,Somewhat agree,Agree,3,My manager gives clear feedback and trusts me.,Communication between departments needs improvement.
R020,Engineering,3+ years,Strongly agree,Strongly agree,Strongly agree,Neutral,Neutral,Strongly agree,Neutral,4,Flexible remote work makes a real difference.,Onboarding documentation is thin and hard to find.
R021,Engineering,3+ years,Agree,Strongly agree,Disagree,Neutral,Strongly agree,Neutral,Somewhat agree,4,Good benefits and fair pay for the role.,Communication between departments needs improvement.
R022,Engineering,3+ years,Strongly agree,Agree,Neutral,Disagree,Agree,Agree,Somewhat agree,5,The team is supportive and collaborative.,Workload is heavy during release weeks. Onboarding documentation is thin and hard to find.
R023,Operations,1-3 years,Strongly agree,Agree,Neutral,Neutral,Agree,Somewhat agree,Neutral,5,Interesting projects with room to learn new skills. The team is supportive and collaborative.,Workload is heavy during release weeks.
R024,Operations,3+ years,Strongly agree,Neutral,Agree,Disagree,Disagree,Strongly agree,Agree,4,,
R025,Engineering,1-3 years,,Agree,,Neutral,Disagree,Somewhat agree,Agree,4,Great colleagues and a friendly culture.,Communication between departments needs improvement. Onboarding documentation is thin and hard to find.
R026,Engineering,3+ years,Agree,Strongly agree,Agree,Agree,Strongly agree,Somewhat agree,Somewhat agree,4,,Onboarding documentation is thin and hard to find.
R027,Sales,3+ years,Agree,Agree,Agree,Disagree,Strongly agree,Agree,Somewhat agree,4,Flexible remote work makes a real difference. Good benefits and fair pay for the role.,Workload is heavy during release weeks. Onboarding documentation is thin and hard to find.
R028,Sales,Under 1 year,Strongly agree,Agree,Agree,Neutral,Strongly agree,Neutral,,4,Flexible remote work makes a real difference.,Communication between departments needs improvement.
R029,Engineering,3+ years,Neutral,Agree,Agree,Neutral,Agree,Agree,Somewhat agree,4,Flexible remote work makes a real difference. Interesting projects with room to learn new skills.,Tooling is outdated and deployments are painful. Onboarding documentation is thin and hard to find.
R030,Engineering,Under 1 year,Strongly agree,Agree,Strongly agree,Strongly agree,Agree,Somewhat agree,Somewhat agree,3,Flexible remote work makes a real difference. My manager gives clear feedback and trusts me.,Onboarding documentation is thin and hard to find. Tooling is outdated and deployments are painful.
R031,Operations,3+ years,Agree,Agree,Agree,Strongly agree,Disagree,Agree,Agree,3,Interesting projects with room to learn new skills. The team is supportive and collaborative.,Too many meetings eat into focused work time.
R032,Engineering,1-3 years,Strongly agree,Strongly agree,,Neutral,Disagree,Somewhat agree,Somewhat agree,4,The team is supportive and collaborative. Interesting projects with room to learn new skills.,Onboarding documentation is thin and hard to find. Communication between departments needs improvement.
R033,Support,Under 1 year,Neutral,Strongly agree,Disagree,Agree,Agree,Agree,Somewhat agree,3,,Tooling is outdated and deployments are painful.
R034,Engineering,Under 1 year,Strongly agree,Agree,Neutral,Neutral,Strongly disagree,Neutral,Strongly agree,4,,Tooling is outdated and deployments are painful.
R035,Engineering,Under 1 year,Strongly agree,Strongly agree,Disagree,Strongly agree,Neutral,Agree,Somewhat agree,3,,
R036,Engineering,1-3 years,Strongly agree,Agree,Agree,,Neutral,Agree,Somewhat agree,4,,
R037,Operations,3+ years,Neutral,Neutral,Agree,Disagree,Neutral,,Neutral,5,Interesting projects with room to learn new skills.,Tooling is outdated and deployments are painful. Communication between departments needs improvement.
R038,Operations,Under 1 year,Strongly agree,Agree,Disagree,Disagree,Disagree,Somewhat agree,Somewhat agree,3,Interesting projects with room to learn new skills. Great colleagues and a friendly culture.,Onboarding documentation is thin and hard to find.
R039,Operations,3+ years,Strongly agree,Agree,Neutral,Agree,Strongly agree,Neutral,Somewhat agree,,Flexible remote work makes a real difference. Good benefits and fair pay for the role.,Workload is heavy during release weeks.
R040,Engineering,Under 1 year,Strongly agree,Disagree,Neutral,Disagree,Disagree,Strongly agree,Somewhat agree,4,My manager gives clear feedback and trusts me.,Career growth paths are unclear and promotions feel slow. Tooling is outdated and deployments are painful.
R041,Engineering,1-3 years,Agree,Strongly agree,Agree,Neutral,Agree,Somewhat agree,Agree,3,Flexible remote work makes a real difference. Great colleagues and a friendly culture.,Too many meetings eat into focused work time.
R042,Support,Under 1 year,Neutral,Neutral,,Strongly agree,Agree,Somewhat agree,Somewhat agree,4,Great colleagues and a friendly culture.,Onboarding documentation is thin and hard to find. Tooling is outdated and deployments are painful.
R043,Sales,Under 1 year,Neutral,Strongly agree,Neutral,Agree,Neutral,Agree,Somewhat agree,2,Good benefits and fair pay for the role.,
R044,Engineering,1-3 years,Strongly agree,Neutral,Agree,Disagree,,Strongly agree,Neutral,3,Flexible remote work makes a real difference. My manager gives clear feedback and trusts me.,Too many meetings eat into focused work time. Communication between departments needs improvement.
R045,Support,1-3 years,Agree,Neutral,Agree,Agree,Neutral,Agree,Somewhat agree,3,Interesting projects with room to learn new skills.,Career growth paths are unclear and promotions feel slow.
R046,Operations,Under 1 year,Neutral,Strongly agree,Agree,Disagree,Neutral,Strongly agree,Somewhat disagree,5,Flexible remote work makes a real difference.,Career growth paths are unclear and promotions feel slow.
R047,Sales,3+ years,Strongly agree,Agree,Agree,Strongly agree,Neutral,Somewhat agree,Somewhat agree,4,Flexible remote work makes a real difference. Great colleagues and a friendly culture.,Tooling is outdated and deployments are painful.
R048,Engineering,Under 1 year,Strongly agree,Agree,Agree,Agree,Neutral,Somewhat agree,Somewhat agree,4,The team is supportive and collaborative.,Too many meetings eat into focused work time.
R049,Engineering,3+ years,Agree,Agree,Agree,Strongly agree,Agree,Agree,Strongly agree,,My manager gives clear feedback and trusts me.,
R050,Engineering,1-3 years,Strongly agree,Agree,Strongly agree,Strongly agree,Neutral,Somewhat agree,Neutral,3,The team is supportive and collaborative.,Workload is heavy during release weeks. Career growth paths are unclear and promotions feel slow.
R051,Support,Under 1 year,Agree,Agree,Agree,Agree,Neutral,Neutral,Somewhat agree,3,Flexible remote work makes a real difference.,Workload is heavy during release weeks. Onboarding documentation is thin and hard to find.
R052,Engineering,Under 1 year,Agree,Agree,Neutral,Neutral,Agree,Agree,Neutral,2,Good benefits and fair pay for the role. Great colleagues and a friendly culture.,Career growth paths are unclear and promotions feel slow. Communication between departments needs improvement.
R053,Engineering,Under 1 year,Strongly agree,Agree,Disagree,Strongly agree,Strongly agree,Strongly agree,Somewhat agree,,,Onboarding documentation is thin and hard to find. Workload is heavy during release weeks.
R054,Sales,1-3 years,Strongly agree,Strongly agree,Agree,Agree,,Somewhat agree,Neutral,2,Interesting projects with room to learn new skills. Flexible remote work makes a real difference.,
R055,Support,1-3 years,Neutral,Strongly agree,Agree,Disagree,Neutral,Strongly agree,Strongly agree,,Interesting projects with room to learn new skills. The team is supportive and collaborative.,Communication between departments needs improvement. Onboarding documentation is thin and hard to find.
R056,Sales,Under 1 year,Strongly agree,Strongly agree,Neutral,Agree,Agree,Somewhat agree,Somewhat agree,3,,Career growth paths are unclear and promotions feel slow.
R057,Engineering,3+ years,Agree,Agree,Agree,Neutral,Agree,Somewhat agree,Neutral,5,My manager gives clear feedback and trusts me. Good benefits and fair pay for the role.,Communication between departments needs improvement.
R058,Operations,3+ years,Agree,Agree,Agree,Neutral,Neutral,Strongly agree,Somewhat agree,3,,Too many meetings eat into focused work time. Tooling is outdated and deployments are painful.
R059,Support,3+ years,Strongly agree,Strongly agree,Agree,Disagree,Agree,Strongly agree,Neutral,4,Flexible remote work makes a real difference. Interesting projects with room to learn new skills.,Workload is heavy during release weeks.
R060,Engineering,Under 1 year,Strongly agree,Strongly agree,Strongly disagree,Neutral,Strongly agree,Somewhat agree,Somewhat agree,4,Flexible remote work makes a real difference.,Tooling is outdated and deployments are painful.
R061,Support,1-3 years,Strongly agree,Neutral,Strongly agree,Agree,Agree,Somewhat agree,Somewhat disagree,5,The team is supportive and collaborative.,Too many meetings eat into focused work time.
R062,Operations,Under 1 year,Agree,Agree,Strongly agree,Disagree,Neutral,Somewhat agree,Somewhat agree,1,,
R063,Engineering,Under 1 year,Strongly agree,Disagree,Disagree,Agree,Neutral,Strongly agree,Somewhat agree,,Flexible remote work makes a real difference. Great colleagues and a friendly culture.,Tooling is outdated and deployments are painful. Workload is heavy during release weeks.
R064,Operations,Under 1 year,Strongly agree,Agree,Neutral,Neutral,,Strongly agree,Strongly agree,4,Great colleagues and a friendly culture.,Career growth paths are unclear and promotions feel slow. Tooling is outdated and deployments are painful.
R065,Support,1-3 years,Agree,Neutral,Disagree,Neutral,Agree,Agree,Somewhat disagree,4,My manager gives clear feedback and trusts me.,Workload is heavy during release weeks. Tooling is outdated and deployments are painful.
R066,Support,1-3 years,Agree,Neutral,Agree,Disagree,Agree,Somewhat agree,Neutral,2,Great colleagues and a friendly culture.,Onboarding documentation is thin and hard to find.
R067,Sales,Under 1 year,Agree,Agree,Agree,Agree,Agree,Strongly agree,Neutral,3,Great colleagues and a friendly culture. The team is supportive and collaborative.,Communication between departments needs improvement.
R068,Sales,3+ years,Neutral,Agree,Neutral,Neutral,Neutral,Agree,Agree,5,,Workload is heavy during release weeks. Tooling is outdated and deployments are painful.
R069,Engineering,1-3 years,Agree,Strongly agree,Neutral,Strongly agree,Neutral,Somewhat agree,Neutral,3,Great colleagues and a friendly culture. Good benefits and fair pay for the role.,
R070,Engineering,Under 1 year,Strongly agree,Strongly agree,Strongly agree,Neutral,Strongly disagree,Agree,Neutral,2,My manager gives clear feedback and trusts me. The team is supportive and collaborative.,Career growth paths are unclear and promotions feel slow. Tooling is outdated and deployments are painful.
R071,Engineering,3+ years,Agree,Agree,Agree,Neutral,Neutral,Somewhat agree,Neutral,2,Great colleagues and a friendly culture.,Too many meetings eat into focused work time. Communication between departments needs improvement.
R072,Engineering,Under 1 year,Agree,Agree,Strongly agree,Disagree,Agree,Strongly agree,Agree,4,Interesting projects with room to learn new skills.,Tooling is outdated and deployments are painful. Too many meetings eat into focused work time.
R073,Support,Under 1 year,Neutral,Neutral,Strongly agree,Neutral,Agree,Agree,Neutral,5,The team is supportive and collaborative. Great colleagues and a friendly culture.,
R074,Support,1-3 years,Strongly agree,Disagree,Neutral,Neutral,Agree,Somewhat agree,Neutral,4,Flexible remote work makes a real difference. Good benefits and fair pay for the role.,Too many meetings eat into focused work time. Onboarding documentation is thin and hard to find.
R075,Sales,Under 1 year,Strongly agree,Neutral,Neutral,Neutral,Neutral,Neutral,Somewhat agree,4,Great colleagues and a friendly culture.,Onboarding documentation is thin and hard to find. Career growth paths are unclear and promotions feel slow.
R076,Support,Under 1 year,Neutral,Strongly agree,Agree,Neutral,Neutral,Somewhat agree,Somewhat disagree,,My manager gives clear feedback and trusts me. Good benefits and fair pay for the role.,Tooling is outdated and deployments are painful.
R077,Engineering,3+ years,Strongly agree,Neutral,Agree,Neutral,Neutral,Somewhat agree,Agree,3,Interesting projects with room to learn new skills.,Career growth paths are unclear and promotions feel slow. Tooling is outdated and deployments are painful.
R078,Engineering,Under 1 year,Strongly agree,Agree,Agree,Disagree,Neutral,Strongly agree,Somewhat agree,4,Flexible remote work makes a real difference. My manager gives clear feedback and trusts me.,Onboarding documentation is thin and hard to find.
R079,Support,1-3 years,Strongly agree,Agree,Neutral,Neutral,Agree,Strongly agree,Somewhat agree,3,Flexible remote work makes a real difference.,Too many meetings eat into focused work time. Onboarding documentation is thin and hard to find.
R080,Support,3+ years,Strongly agree,Disagree,Neutral,Disagree,Neutral,Somewhat agree,Somewhat agree,3,Good benefits and fair pay for the role.,Tooling is outdated and deployments are painful. Workload is heavy during release weeks.
R081,Support,1-3 years,Agree,Agree,Disagree,Strongly agree,Agree,Agree,Neutral,4,Flexible remote work makes a real difference.,Communication between departments needs improvement.
R082,Engineering,3+ years,Neutral,Neutral,Disagree,Agree,Neutral,Agree,Neutral,4,Great colleagues and a friendly culture.,Career growth paths are unclear and promotions feel slow.
R083,Sales,1-3 years,Agree,Disagree,Strongly agree,Neutral,Disagree,Agree,Somewhat agree,4,Flexible remote work makes a real difference.,Communication between departments needs improvement.
R084,Operations,1-3 years,Strongly agree,Strongly agree,Disagree,Strongly agree,Strongly agree,Neutral,Agree,2,Flexible remote work makes a real difference. Good benefits and fair pay for the role.,
R085,Support,Under 1 year,Agree,Strongly agree,Agree,Disagree,Neutral,Agree,Neutral,3,The team is supportive and collaborative.,
R086,Sales,1-3 years,Strongly agree,Strongly agree,Agree,Neutral,Neutral,Somewhat agree,,2,The team is supportive and collaborative.,Career growth paths are unclear and promotions feel slow.
R087,Operations,1-3 years,Neutral,Strongly agree,Neutral,,Disagree,Agree,Neutral,3,Great colleagues and a friendly culture. Good benefits and fair pay for the role.,Onboarding documentation is thin and hard to find. Too many meetings eat into focused work time.
R088,Operations,Under 1 year,Strongly agree,Strongly agree,Agree,,Neutral,Strongly agree,Somewhat agree,5,My manager gives clear feedback and trusts me.,
R089,Support,1-3 years,Strongly agree,Strongly agree,Agree,Agree,Neutral,Somewhat agree,,4,Interesting projects with room to learn new skills. Flexible remote work makes a real difference.,
R090,Support,3+ years,Strongly agree,Strongly agree,Maybe,Neutral,Neutral,Agree,Neutral,4,Great colleagues and a friendly culture.,Communication between departments needs improvement.
R091,Engineering,3+ years,Neutral,,Disagree,Neutral,Agree,Somewhat agree,Neutral,3,Flexible remote work makes a real difference. Good benefits and fair pay for the role.,Onboarding documentation is thin and hard to find. Workload is heavy during release weeks.
R092,Operations,Under 1 year,Neutral,Agree,Disagree,Agree,Agree,Strongly agree,Somewhat agree,3,My manager gives clear feedback and trusts me.,Career growth paths are unclear and promotions feel slow.
R093,Sales,3+ years,Strongly agree,,Disagree,Neutral,Neutral,Agree,Neutral,5,Interesting projects with room to learn new skills. My manager gives clear feedback and trusts me.,Too many meetings eat into focused work time.
R094,Support,1-3 years,Agree,Strongly agree,Agree,Disagree,Neutral,Somewhat agree,Somewhat agree,2,Flexible remote work makes a real difference.,
R095,Sales,1-3 years,Strongly agree,Agree,Strongly agree,Neutral,Agree,Somewhat agree,Agree,4,Interesting projects with room to learn new skills. Good benefits and fair pay for the role.,Tooling is outdated and deployments are painful. Too many meetings eat into focused work time.
R096,Sales,Under 1 year,Strongly agree,Strongly agree,Agree,Strongly agree,Disagree,Somewhat agree,Agree,4,The team is supportive and collaborative. Great colleagues and a friendly culture.,Tooling is outdated and deployments are painful. Communication between departments needs improvement.
R097,Engineering,1-3 years,Agree,,Strongly agree,Strongly agree,Neutral,Somewhat agree,Neutral,4,,Career growth paths are unclear and promotions feel slow.
R098,Engineering,3+ years,,Strongly agree,Agree,Neutral,Neutral,Agree,Disagree,4,,Workload is heavy during release weeks.
R099,Support,Under 1 year,Strongly agree,Agree,Neutral,Strongly agree,Neutral,Agree,Somewhat disagree,3,Flexible remote work makes a real difference.,Career growth paths are unclear and promotions feel slow.
R100,Operations,Under 1 year,Neutral,Strongly agree,Agree,Neutral,Agree,Agree,Somewhat agree,3,Great colleagues and a friendly culture.,Too many meetings eat into focused work time. Communication between departments needs improvement.
R101,Engineering,1-3 years,Strongly agree,Agree,Agree,Neutral,Agree,Agree,Neutral,4,Great colleagues and a friendly culture.,Communication between departments needs improvement.
R102,Support,Under 1 year,Strongly agree,Strongly agree,Strongly disagree,Strongly agree,Disagree,Strongly agree,Neutral,5,Good benefits and fair pay for the role. Interesting projects with room to learn new skills.,
R103,Operations,1-3 years,Strongly agree,Strongly agree,Agree,,Neutral,Agree,Somewhat agree,3,Interesting projects with room to learn new skills.,Career growth paths are unclear and promotions feel slow. Communication between departments needs improvement.
R104,Operations,Under 1 year,Neutral,Disagree,,Agree,,Neutral,Neutral,5,Interesting projects with room to learn new skills.,Tooling is outdated and deployments are painful. Too many meetings eat into focused work time.
R105,Support,3+ years,Strongly agree,Agree,Strongly agree,Neutral,Neutral,Neutral,Neutral,3,My manager gives clear feedback and trusts me. Great colleagues and a friendly culture.,
R106,Sales,Under 1 year,Strongly agree,Agree,Strongly agree,Agree,Neutral,Somewhat agree,Neutral,3,Good benefits and fair pay for the role. Flexible remote work makes a real difference.,Communication between departments needs improvement.
R107,Engineering,Under 1 year,Agree,Agree,Strongly agree,Agree,Neutral,Strongly agree,Neutral,5,,Onboarding documentation is thin and hard to find.
R108,Operations,Under 1 year,Strongly agree,Strongly agree,Agree,Strongly agree,Agree,Somewhat agree,,4,Good benefits and fair pay for the role. The team is supportive and collaborative.,Tooling is outdated and deployments are painful.
R109,Sales,1-3 years,Agree,Strongly agree,,Disagree,Neutral,,Agree,4,My manager gives clear feedback and trusts me. Flexible remote work makes a real difference.,Communication between departments needs improvement. Too many meetings eat into focused work time.
R110,Sales,3+ years,Agree,Agree,Disagree,Strongly disagree,Agree,Somewhat agree,Neutral,5,Good benefits and fair pay for the role. My manager gives clear feedback and trusts me.,
R111,Engineering,3+ years,Strongly agree,Agree,Agree,Disagree,Agree,Agree,Agree,5,,Career growth paths are unclear and promotions feel slow. Too many meetings eat into focused work time.
R112,Support,3+ years,Neutral,,Maybe,Neutral,Neutral,,Agree,4,My manager gives clear feedback and trusts me. Flexible remote work makes a real difference.,Onboarding documentation is thin and hard to find.
R113,Operations,3+ years,Strongly agree,Agree,Agree,Neutral,Neutral,Agree,Somewhat agree,2,Flexible remote work makes a real difference. Great colleagues and a friendly culture.,
R114,Engineering,Under 1 year,Strongly agree,Agree,Disagree,,Disagree,Agree,Neutral,4,My manager gives clear feedback and trusts me.,Tooling is outdated and deployments are painful.
R115,Support,1-3 years,Agree,Agree,Neutral,Strongly agree,Strongly agree,Somewhat agree,Somewhat agree,5,Interesting projects with room to learn new skills. Good benefits and fair pay for the role.,Tooling is outdated and deployments are painful.
R116,Support,1-3 years,Strongly agree,Agree,Neutral,Agree,Neutral,Neutral,Agree,4,Flexible remote work makes a real difference.,Tooling is outdated and deployments are painful. Communication between departments needs improvement.
R117,Support,3+ years,Agree,Strongly agree,Agree,Strongly agree,Agree,Somewhat agree,Agree,5,Good benefits and fair pay for the role.,Tooling is outdated and deployments are painful. Workload is heavy during release weeks.
R118,Sales,Under 1 year,Strongly agree,Neutral,Strongly disagree,Disagree,Agree,Agree,Neutral,5,Interesting projects with room to learn new skills. Flexible remote work makes a real difference.,Workload is heavy during release weeks. Communication between departments needs improvement.
R119,Operations,1-3 years,Strongly agree,Neutral,Agree,,Agree,Somewhat agree,Agree,4,Interesting projects with room to learn new skills.,Career growth paths are unclear and promotions feel slow. Tooling is outdated and deployments are painful.
R120,Engineering,1-3 years,Agree,Strongly agree,Neutral,Agree,Agree,Somewhat agree,Somewhat agree,,Good benefits and fair pay for the role. The team is supportive and collaborative.,Workload is heavy during release weeks. Tooling is outdated and deployments are painful.
