level,fips,population
county,01001,55390
county,01003,212521
county,01005,25157
county,01007,22550
county,01009,57787
county,01011,10176
county,01013,19888
county,01015,114710
county,01017,33707
county,01019,25805
county,01021,44120
county,01023,12925
county,01025,24063
county,01027,13350
county,01029,14899
county,01031,51853
county,01033,54695
county,01035,12431
county,01037,10724
county,01039,37062
county,01041,13858
county,01043,82867
county,01045,49342
county,01047,39238
county,01049,71437
county,01051,81422
county,01053,36993
county,01055,103007
county,01057,16466
county,01059,31542
county,01061,26385
county,01063,8310
county,01065,14801
county,01067,17115
county,01069,104378
county,01071,51828
county,01073,659599
county,01075,13882
county,01077,92564
county,01079,33063
county,01081,161440
county,01083,94130
county,01085,10097
county,01087,18793
county,01089,361762
county,01091,19396
county,01093,29792
county,01095,95572
county,01097,414045
county,01099,21290
county,01101,227265
county,01103,118918
county,01105,9302
county,01107,20204
county,01109,33349
county,01111,22687
county,01113,56985
county,01115,87926
county,01117,213633
county,01119,12749
county,01121,80142
county,01123,40613
county,01125,207618
county,01127,63895
county,01129,16522
county,01131,10691
county,01133,23760
county,02013,3455
county,02016,5729
county,02020,294338
county,02050,18090
county,02060,869
county,02068,2084
county,02070,4940
county,02090,99675
county,02100,2524
county,02105,2139
county,02110,32098
county,02122,58558
county,02130,13834
county,02150,13512
county,02158,8236
county,02164,1612
county,02170,106232
county,02180,10025
county,02185,9795
county,02188,7795
county,02195,3264
county,02198,6444
county,02220,8641
county,02230,1167
county,02240,6892
county,02261,9220
county,02275,2521
county,02282,602
county,02290,5409
county,04001,71545
county,04003,124864
county,04005,141001
county,04007,53578
county,04009,37481
county,04011,9443
county,04012,20706
county,04013,4327184
county,04015,207017
county,04017,109079
county,04019,1026391
county,04021,431564
county,04023,46566
county,04025,228082
county,04027,209507
county,05001,17872
county,05003,20311
county,05005,41308
county,05007,266585
county,05009,37459
county,05011,10813
county,05013,5201
county,05015,27865
county,05017,10647
county,05019,22184
county,05021,14865
county,05023,25059
county,05025,8162
county,05027,23695
county,05029,20810
county,05031,107188
county,05033,62894
county,05035,48716
county,05037,16792
county,05039,7307
county,05041,11743
county,05043,18370
county,05045,123530
county,05047,17809
county,05049,12131
county,05051,98327
county,05053,18103
county,05055,44993
county,05057,21876
county,05059,33606
county,05061,13365
county,05063,37391
county,05065,13666
county,05067,17017
county,05069,69238
county,05071,26401
county,05073,6797
county,05075,16571
county,05077,9127
county,05079,13475
county,05081,12373
county,05083,21739
county,05085,72778
county,05087,16299
county,05089,16429
county,05091,43736
county,05093,42112
county,05095,7013
county,05097,8890
county,05099,8309
county,05101,7815
county,05103,23817
county,05105,10346
county,05107,18599
county,05109,10735
county,05111,24071
county,05113,20147
county,05115,63634
county,05117,8248
county,05119,393280
county,05121,17665
county,05123,25997
county,05125,119520
county,05127,10369
county,05129,7927
county,05131,127786
county,05133,17103
county,05135,17147
county,05137,12520
county,05139,39460
county,05141,16552
county,05143,232732
county,05145,78844
county,05147,6575
county,05149,21509
county,06001,1660196
county,06003,1111
county,06005,38529
county,06007,228696
county,06009,45681
county,06011,21579
county,06013,1145535
county,06015,27351
county,06017,188679
county,06019,985238
county,06021,27926
county,06023,136507
county,06025,181649
county,06027,17868
county,06029,887356
county,06031,149665
county,06033,64111
county,06035,30920
county,06037,10103711
county,06039,155423
county,06041,259749
county,06043,17414
county,06045,87576
county,06047,271096
county,06049,8876
county,06051,14354
county,06053,434534
county,06055,139878
county,06057,99367
county,06059,3174289
county,06061,385115
county,06063,18660
county,06065,2414964
county,06067,1527301
county,06069,60164
county,06071,2150945
county,06073,3321237
county,06075,878040
county,06077,743296
county,06079,282481
county,06081,768901
county,06083,445298
county,06085,1932510
county,06087,274856
county,06089,179384
county,06091,3002
county,06093,43622
county,06095,443511
county,06097,502469
county,06099,544717
county,06101,96204
county,06103,63847
county,06105,12726
county,06107,462308
county,06109,53976
county,06111,849044
county,06113,218477
county,06115,76578
county,08001,503590
county,08003,16108
county,08005,644478
county,08007,13295
county,08009,3554
county,08011,5827
county,08013,322441
county,08014,68263
county,08015,19666
county,08017,1853
county,08019,9574
county,08021,8139
county,08023,3756
county,08025,5840
county,08027,4857
county,08029,30519
county,08031,704961
county,08033,2045
county,08035,335816
county,08037,54929
county,08039,25765
county,08041,700099
county,08043,47548
county,08045,59032
county,08047,6018
county,08049,15364
county,08051,16863
county,08053,791
county,08055,6628
county,08057,1375
county,08059,575417
county,08061,1365
county,08063,7137
county,08065,7750
county,08067,55563
county,08069,344084
county,08071,14201
county,08073,5523
county,08075,22317
county,08077,151170
county,08079,753
county,08081,13088
county,08083,26112
county,08085,41753
county,08087,28295
county,08089,18345
county,08091,4813
county,08093,17894
county,08095,4288
county,08097,17973
county,08099,11998
county,08101,166283
county,08103,6352
county,08105,11297
county,08107,25171
county,08109,6633
county,08111,712
county,08113,8034
county,08115,2311
county,08117,30820
county,08119,24674
county,08121,4921
county,08123,305885
county,08125,9959
county,09001,943038
county,09003,893076
county,09005,181667
county,09007,162942
county,09009,857748
county,09011,267419
county,09013,151009
county,09015,116398
county,10001,176499
county,10003,555976
county,10005,224348
county,11001,694906
county,12001,266309
county,12003,28254
county,12005,184736
county,12007,27142
county,12009,587769
county,12011,1934516
county,12013,14428
county,12015,181522
county,12017,145415
county,12019,212228
county,12021,372678
county,12023,69999
county,12027,37241
county,12029,16615
county,12031,937933
county,12033,313249
county,12035,109999
county,12037,11724
county,12039,45993
county,12041,17900
county,12043,13580
county,12045,16105
county,12047,14364
county,12049,27154
county,12051,41018
county,12053,186704
county,12055,103852
county,12057,1426736
county,12059,19427
county,12061,154241
county,12063,48289
county,12065,14165
county,12067,8602
county,12069,345432
county,12071,740000
county,12073,290965
county,12075,40276
county,12077,8236
county,12079,18474
county,12081,385506
county,12083,353339
county,12085,159701
county,12086,2713295
county,12087,76483
county,12089,82925
county,12091,203478
county,12093,41275
county,12095,1355921
county,12097,353623
county,12099,1470344
county,12101,525141
county,12103,968341
county,12105,685368
county,12107,73384
county,12109,243693
county,12111,313163
county,12113,174049
county,12115,419680
county,12117,462801
county,12119,124995
county,12121,44124
county,12123,21781
county,12125,15448
county,12127,537868
county,12129,32050
county,12131,68021
county,12133,24546
county,13001,18438
county,13003,8182
county,13005,11205
county,13007,3159
county,13009,44963
county,13011,18628
county,13013,78899
county,13015,105098
county,13017,17037
county,13019,19108
county,13021,152840
county,13023,12764
county,13025,18832
county,13027,15617
county,13029,36999
county,13031,75991
county,13033,22545
county,13035,24067
county,13037,6389
county,13039,53005
county,13043,10706
county,13045,117390
county,13047,66495
county,13049,12810
county,13051,289309
county,13053,10205
county,13055,24746
county,13057,247763
county,13059,126815
county,13061,2955
county,13063,284184
county,13065,6643
county,13067,752649
county,13069,42880
county,13071,45480
county,13073,151529
county,13075,17213
county,13077,143153
county,13079,12263
county,13081,22710
county,13083,16254
county,13085,24406
county,13087,26706
county,13089,751176
county,13091,20749
county,13093,13691
county,13095,89457
county,13097,143376
county,13099,10317
county,13101,3914
county,13103,60086
county,13105,19102
county,13107,22533
county,13109,10741
county,13111,25332
county,13113,112553
county,13115,97500
county,13117,228940
county,13119,22864
county,13121,1038938
county,13123,30443
county,13125,3032
county,13127,84675
county,13129,57164
county,13131,24773
county,13133,17203
county,13135,918186
county,13137,44535
county,13139,198953
county,13141,8539
county,13143,29248
county,13145,33943
county,13147,25710
county,13149,11751
county,13151,225182
county,13153,153202
county,13155,9352
county,13157,67644
county,13159,13882
county,13161,15039
county,13163,15630
county,13165,8813
county,13167,9737
county,13169,28466
county,13171,18600
county,13173,10425
county,13175,47376
county,13177,29410
county,13179,61619
county,13181,7856
county,13183,18780
county,13185,115404
county,13187,32801
county,13189,21511
county,13191,14080
county,13193,13254
county,13195,29295
county,13197,8403
county,13199,21021
county,13201,5813
county,13205,22317
county,13207,27163
county,13209,9024
county,13211,18373
county,13213,39803
county,13215,193836
county,13217,107846
county,13219,38122
county,13221,14874
county,13223,159509
county,13225,26961
county,13227,31541
county,13229,19197
county,13231,18204
county,13233,41818
county,13235,11181
county,13237,21692
county,13239,2333
county,13241,16545
county,13243,6969
county,13245,201673
county,13247,89843
county,13249,5235
county,13251,13956
county,13253,8253
county,13255,65358
county,13257,25736
county,13259,6314
county,13261,29901
county,13263,6256
county,13265,1613
county,13267,25409
county,13269,8110
county,13271,15929
county,13273,8695
county,13275,44619
county,13277,40431
county,13279,26859
county,13281,11553
county,13283,6746
county,13285,70062
county,13287,7895
county,13289,8253
county,13291,23376
county,13293,26201
county,13295,68999
county,13297,91296
county,13299,35668
county,13301,5265
county,13303,20311
county,13305,29797
county,13307,2589
county,13309,7960
county,13311,29445
county,13313,104234
county,13315,8791
county,13317,9860
county,13319,8954
county,13321,20528
county,15001,199981
county,15003,986353
county,15005,86
county,15007,71827
county,15009,166146
county,16001,456548
county,16003,4127
county,16005,85482
county,16007,6023
county,16009,9157
county,16011,45884
county,16013,22373
county,16015,7347
county,16017,43654
county,16019,114488
county,16021,11965
county,16023,2585
county,16025,1096
county,16027,216858
county,16029,6973
county,16031,23650
county,16033,879
county,16035,8646
county,16037,4135
county,16039,26881
county,16041,13467
county,16043,13122
county,16045,17311
county,16047,15121
county,16049,16373
county,16051,28439
county,16053,23768
county,16055,157320
county,16057,39741
county,16059,7829
county,16061,3884
county,16063,5376
county,16065,39370
county,16067,20722
county,16069,40289
county,16071,4389
county,16073,11618
county,16075,23163
county,16077,7606
county,16079,12519
county,16081,11445
county,16083,85374
county,16085,10667
county,16087,10051
county,17001,66057
county,17003,6278
county,17005,16648
county,17007,53513
county,17009,6609
county,17011,33137
county,17013,4851
county,17015,14475
county,17017,12492
county,17019,210425
county,17021,33007
county,17023,15812
county,17025,13270
county,17027,37645
county,17029,51353
county,17031,5200821
county,17033,18975
county,17035,10880
county,17037,104309
county,17039,15906
county,17041,19629
county,17043,930265
county,17045,17390
county,17047,6448
county,17049,34123
county,17051,21514
county,17053,13298
county,17055,38995
county,17057,35104
county,17059,5071
county,17061,13156
county,17063,50622
county,17065,8181
county,17067,17958
county,17069,3922
county,17071,6819
county,17073,49219
county,17075,27777
county,17077,57904
county,17079,9523
county,17081,38045
county,17083,21912
county,17085,21495
county,17087,12399
county,17089,532272
county,17091,110540
county,17093,126152
county,17095,50577
county,17097,702475
county,17099,109622
county,17101,16027
county,17103,34540
county,17105,36124
county,17107,29034
county,17109,30373
county,17111,307815
county,17113,172754
county,17115,105399
county,17117,45505
county,17119,265251
county,17121,37726
county,17123,11668
county,17125,13677
county,17127,14291
county,17129,12293
county,17131,15608
county,17133,34179
county,17135,28781
county,17137,34245
county,17139,14701
county,17141,50993
county,17143,182525
county,17145,21281
county,17147,16422
county,17149,15668
county,17151,4183
county,17153,5520
county,17155,5694
county,17157,32297
county,17159,15837
county,17161,143828
county,17163,262600
county,17165,23963
county,17167,197072
county,17169,6948
county,17171,4983
county,17173,21774
county,17175,5457
county,17177,44997
county,17179,133489
county,17181,16968
county,17183,77689
county,17185,11523
county,17187,17144
county,17189,13963
county,17191,16412
county,17193,13903
county,17195,55955
county,17197,690479
county,17199,67049
county,17201,284681
county,17203,38670
county,18001,35385
county,18003,371723
county,18005,82213
county,18007,8631
county,18009,12028
county,18011,65723
county,18013,15010
county,18015,20067
county,18017,37828
county,18019,116545
county,18021,26167
county,18023,32195
county,18025,10535
county,18027,33136
county,18029,49564
county,18031,26620
county,18033,42806
county,18035,115246
county,18037,42538
county,18039,204194
county,18041,23154
county,18043,77006
county,18045,16419
county,18047,22694
county,18049,19995
county,18051,33721
county,18053,66305
county,18055,32172
county,18057,322933
county,18059,74998
county,18061,39777
county,18063,163622
county,18065,48170
county,18067,82210
county,18069,36222
county,18071,43955
county,18073,33424
county,18075,20883
county,18077,32013
county,18079,27652
county,18081,153820
county,18083,37044
county,18085,79026
county,18087,39248
county,18089,484601
county,18091,109842
county,18093,45592
county,18095,129418
county,18097,950537
county,18099,46433
county,18101,10181
county,18103,35864
county,18105,146638
county,18107,38343
county,18109,69793
county,18111,14027
county,18113,47329
county,18115,5854
county,18117,19423
county,18119,20791
county,18121,16907
county,18123,18978
county,18125,12315
county,18127,168495
county,18129,25569
county,18131,12529
county,18133,37363
county,18135,24907
county,18137,28428
county,18139,16643
county,18141,270057
county,18143,23793
county,18145,44367
county,18147,20440
county,18149,22935
county,18151,34384
county,18153,20700
county,18155,10686
county,18157,191199
county,18159,15137
county,18161,7159
county,18163,180954
county,18165,15503
county,18167,107569
county,18169,31380
county,18171,8204
county,18173,62401
county,18175,27771
county,18177,66179
county,18179,27958
county,18181,24163
county,18183,33722
county,19001,7051
county,19003,3657
county,19005,13803
county,19007,12353
county,19009,5550
county,19011,25656
county,19013,132238
county,19015,26443
county,19017,24823
county,19019,21126
county,19021,20144
county,19023,14592
county,19025,9729
county,19027,20274
county,19029,13144
county,19031,18490
county,19033,42999
county,19035,11307
county,19037,12002
county,19039,9396
county,19041,16141
county,19043,17648
county,19045,46874
county,19047,17076
county,19049,87208
county,19051,8969
county,19053,7947
county,19055,17143
county,19057,39326
county,19059,17141
county,19061,97066
county,19063,9422
county,19065,19687
county,19067,15767
county,19069,10160
county,19071,6930
county,19073,8954
county,19075,12298
county,19077,10645
county,19079,15032
county,19081,10756
county,19083,17073
county,19085,14107
county,19087,20044
county,19089,9229
county,19091,9569
county,19093,6869
county,19095,16133
county,19097,19382
county,19099,36995
county,19101,18219
county,19103,149325
county,19105,20618
county,19107,10141
county,19109,14939
county,19111,34216
county,19113,224379
county,19115,11195
county,19117,8533
county,19119,11785
county,19121,16000
county,19123,22211
county,19125,33091
county,19127,40078
county,19129,15060
county,19131,10563
county,19133,8724
county,19135,7798
county,19137,10112
county,19139,42872
county,19141,13774
county,19143,6021
county,19145,15213
county,19147,9052
county,19149,25060
county,19151,6833
county,19153,480487
county,19155,93416
county,19157,18334
county,19159,5024
county,19161,9803
county,19163,172448
county,19165,11574
county,19167,34781
county,19169,97278
county,19171,17029
county,19173,6095
county,19175,12459
county,19177,7155
county,19179,35022
county,19181,50078
county,19183,22204
county,19185,6492
county,19187,36637
county,19189,10573
county,19191,20129
county,19193,102132
county,19195,7455
county,19197,12765
county,20001,12555
county,20003,7833
county,20005,16298
county,20007,4570
county,20009,26394
county,20011,14609
county,20013,9609
county,20015,66845
county,20017,2651
county,20019,3315
county,20021,20129
county,20023,2684
county,20025,1995
county,20027,8006
county,20029,8912
county,20031,8228
county,20033,1759
county,20035,35297
county,20037,38925
county,20039,2863
county,20041,18829
county,20043,7657
county,20045,120281
county,20047,2873
county,20049,2514
county,20051,28735
county,20053,6284
county,20055,36720
county,20057,34218
county,20059,25631
county,20061,33774
county,20063,2622
county,20065,2485
county,20067,7490
county,20069,6018
county,20071,1226
county,20073,6067
county,20075,2616
county,20077,5580
county,20079,34373
county,20081,4019
county,20083,1863
county,20085,13332
county,20087,18932
county,20089,2857
county,20091,591305
county,20093,3935
county,20095,7275
county,20097,2486
county,20099,20129
county,20101,1548
county,20103,81109
county,20105,3043
county,20107,9697
county,20109,2814
county,20111,33257
county,20113,28687
county,20115,11945
county,20117,9687
county,20119,4230
county,20121,33429
county,20123,6137
county,20125,32390
county,20127,5467
county,20129,2747
county,20131,10060
county,20133,16094
county,20135,2856
county,20137,5421
county,20139,15842
county,20141,3539
county,20143,5817
county,20145,6665
county,20147,5370
county,20149,23916
county,20151,9500
county,20153,2473
county,20155,62714
county,20157,4654
county,20159,9563
county,20161,73977
county,20163,5055
county,20165,3048
county,20167,6930
county,20169,54508
county,20171,4928
county,20173,513176
county,20175,22245
county,20177,178056
county,20179,2526
county,20181,5936
county,20183,3615
county,20185,4186
county,20187,2055
county,20189,5551
county,20191,23117
county,20193,7821
county,20195,2843
county,20197,6832
county,20199,1515
county,20201,5479
county,20203,2121
county,20205,8707
county,20207,3130
county,20209,165087
county,21001,19287
county,21003,20903
county,21005,22545
county,21007,8018
county,21009,43746
county,21011,12381
county,21013,26863
county,21015,130952
county,21017,20092
county,21019,47808
county,21021,29972
county,21023,8285
county,21025,12929
county,21027,20131
county,21029,80269
county,21031,12778
county,21033,12666
county,21035,38832
county,21037,92878
county,21039,4788
county,21041,10714
county,21043,27214
county,21045,15818
county,21047,71024
county,21049,35899
county,21051,20251
county,21053,10212
county,21055,8999
county,21057,6710
county,21059,100461
county,21061,12226
county,21063,7493
county,21065,14178
county,21067,321964
county,21069,14439
county,21071,36296
county,21073,50492
county,21075,6163
county,21077,8720
county,21079,17449
county,21081,24973
county,21083,37190
county,21085,26286
county,21087,11036
county,21089,35514
county,21091,8778
county,21093,108161
county,21095,26676
county,21097,18735
county,21099,18745
county,21101,45867
county,21103,15972
county,21105,4518
county,21107,45293
county,21109,13422
county,21111,769828
county,21113,53259
county,21115,22606
county,21117,165608
county,21119,15244
county,21121,31444
county,21123,14196
county,21125,60317
county,21127,15756
county,21129,6602
county,21131,10310
county,21133,22303
county,21135,13363
county,21137,24495
county,21139,9249
county,21141,27003
county,21143,8261
county,21145,65364
county,21147,17372
county,21149,9216
county,21151,91170
county,21153,12519
county,21155,19276
county,21157,31318
county,21159,11492
county,21161,17192
county,21163,28033
county,21165,6465
county,21167,21542
county,21169,10093
county,21171,10597
county,21173,27913
county,21175,13230
county,21177,30925
county,21179,45591
county,21181,7160
county,21183,24116
county,21185,66557
county,21187,10794
county,21189,4402
county,21191,14602
county,21193,26586
county,21195,58905
county,21197,12297
county,21199,64314
county,21201,2120
county,21203,16778
county,21205,24514
county,21207,17723
county,21209,54782
county,21211,47209
county,21213,18046
county,21215,18619
county,21217,25544
county,21219,12177
county,21221,14418
county,21223,8521
county,21225,14620
county,21227,129074
county,21229,11880
county,21231,20628
county,21233,13012
county,21235,36074
county,21237,7248
county,21239,26385
county,22001,62559
county,22003,25583
county,22005,123177
county,22007,22568
county,22009,40836
county,22011,36847
county,22013,13631
county,22015,126959
county,22017,245935
county,22019,202466
county,22021,9959
county,22023,6944
county,22025,9830
county,22027,15953
county,22029,19846
county,22031,27267
county,22033,444511
county,22035,7111
county,22037,19380
county,22039,33663
county,22041,20256
county,22043,22296
county,22045,71982
county,22047,32906
county,22049,15898
county,22051,436126
county,22053,31480
county,22055,241756
county,22057,98123
county,22059,14887
county,22061,47471
county,22063,137712
county,22065,11342
county,22067,25655
county,22069,39042
county,22071,391493
county,22073,155841
county,22075,23348
county,22077,22164
county,22079,131253
county,22081,8527
county,22083,20413
county,22085,23909
county,22087,46110
county,22089,52620
county,22091,10322
county,22093,21380
county,22095,43328
county,22097,83535
county,22099,54066
county,22101,50708
county,22103,255921
county,22105,132353
county,22107,4574
county,22109,111823
county,22111,22398
county,22113,59936
county,22115,49789
county,22117,46649
county,22119,39264
county,22121,26184
county,22123,10974
county,22125,15371
county,22127,14350
county,23001,107399
county,23003,67609
county,23005,292181
county,23007,29799
county,23009,54539
county,23011,121913
county,23013,39759
county,23015,34215
county,23017,57534
county,23019,151645
county,23021,16804
county,23023,35436
county,23025,50351
county,23027,39772
county,23029,31374
county,23031,204282
county,24001,71352
county,24003,571339
county,24005,828645
county,24009,91435
county,24011,33096
county,24013,167547
county,24015,102394
county,24017,159450
county,24019,32105
county,24021,250622
county,24023,29242
county,24025,251858
county,24027,319251
county,24029,19442
county,24031,1046822
county,24033,909705
county,24035,49586
county,24037,112487
county,24039,25896
county,24041,37033
county,24043,150169
county,24045,102252
county,24047,51659
county,24510,610481
county,25001,213581
county,25003,126353
county,25005,560941
county,25007,17311
county,25009,784453
county,25011,70605
county,25013,467705
county,25015,161077
county,25017,1603943
county,25019,11205
county,25021,700599
county,25023,515461
county,25025,800806
county,25027,825749
county,26001,10309
county,26003,9144
county,26005,116368
county,26007,28428
county,26009,23270
county,26011,15014
county,26013,8441
county,26015,60682
county,26017,104045
county,26019,17624
county,26021,154128
county,26023,43375
county,26025,134180
county,26027,51481
county,26029,26212
county,26031,25454
county,26033,37679
county,26035,30565
county,26037,78506
county,26039,13906
county,26041,35890
county,26043,25424
county,26045,109456
county,26047,33081
county,26049,407488
county,26051,25241
county,26053,15340
county,26055,91791
county,26057,40979
county,26059,45820
county,26061,36198
county,26063,31306
county,26065,292018
county,26067,64284
county,26069,25128
county,26071,11105
county,26073,71077
county,26075,158563
county,26077,262998
county,26079,17571
county,26081,649278
county,26083,2085
county,26085,11981
county,26087,88122
county,26089,21645
county,26091,98427
county,26093,189869
county,26095,6370
county,26097,10768
county,26099,871364
county,26101,24393
county,26103,66493
county,26105,28996
county,26107,43258
county,26109,22981
county,26111,83314
county,26113,15020
county,26115,149449
county,26117,63527
county,26119,9233
county,26121,173645
county,26123,48320
county,26125,1256016
county,26127,26422
county,26129,20882
county,26131,5889
county,26133,23267
county,26135,8238
county,26137,24528
county,26139,286581
county,26141,12742
county,26143,23731
county,26145,191965
county,26147,159005
county,26149,60710
county,26151,41242
county,26153,8013
county,26155,68400
county,26157,52815
county,26159,75303
county,26161,368807
county,26163,1757217
county,26165,33234
county,27001,15792
county,27003,350203
county,27005,34082
county,27007,46477
county,27009,40135
county,27011,5004
county,27013,66916
county,27015,25172
county,27017,35509
county,27019,102118
county,27021,29324
county,27023,11944
county,27025,55257
county,27027,63766
county,27029,8845
county,27031,5411
county,27033,11249
county,27035,64278
county,27037,421518
county,27039,20696
county,27041,37520
county,27043,13768
county,27045,20980
county,27047,30582
county,27049,46307
county,27051,5916
county,27053,1247847
county,27055,18677
county,27057,20965
county,27059,39543
county,27061,45088
county,27063,9965
county,27065,16060
county,27067,42778
county,27069,4261
county,27071,12506
county,27073,6683
county,27075,10493
county,27077,3727
county,27079,28210
county,27081,5665
county,27083,25929
county,27085,35876
county,27087,5567
county,27089,9361
county,27091,19866
county,27093,23047
county,27095,25861
county,27097,33084
county,27099,39773
county,27101,8332
county,27103,34052
county,27105,21671
county,27107,6589
county,27109,154727
county,27111,58219
county,27113,14178
county,27115,29159
county,27117,9157
county,27119,31637
county,27121,10988
county,27123,544886
county,27125,4009
county,27127,15244
county,27129,14693
county,27131,66196
county,27133,9459
county,27135,15305
county,27137,199778
county,27139,145535
county,27141,94476
county,27143,14899
county,27145,158301
county,27147,36787
county,27149,9706
county,27151,9387
county,27153,24526
county,27155,3304
county,27157,21590
county,27159,13647
county,27161,18713
county,27163,255464
county,27165,10934
county,27167,6322
county,27169,50718
county,27171,134205
county,27173,9836
county,28001,31462
county,28003,37165
county,28005,12448
county,28007,18467
county,28009,8255
county,28011,31718
county,28013,14508
county,28015,10094
county,28017,17144
county,28019,8240
county,28021,9026
county,28023,15805
county,28025,19621
county,28027,23214
county,28029,28528
county,28031,19014
county,28033,179005
county,28035,75155
county,28037,7754
county,28039,23951
county,28041,13529
county,28043,21037
county,28045,46949
county,28047,204966
county,28049,239929
county,28051,17849
county,28053,8333
county,28055,1341
county,28057,23499
county,28059,142246
county,28061,16574
county,28063,7227
county,28065,11284
county,28067,68364
county,28069,10093
county,28071,54178
county,28073,61536
county,28075,76309
county,28077,12629
county,28079,22819
county,28081,85071
county,28083,29292
county,28085,34340
county,28087,59147
county,28089,104584
county,28091,25108
county,28093,35590
county,28095,35851
county,28097,10143
county,28099,29435
county,28101,21396
county,28103,10711
county,28105,49678
county,28107,34158
county,28109,55255
county,28111,12014
county,28113,39510
county,28115,31709
county,28117,25215
county,28119,7208
county,28121,152904
county,28123,28436
county,28125,4415
county,28127,26905
county,28129,16073
county,28131,18593
county,28133,26142
county,28135,14094
county,28137,28581
county,28139,21953
county,28141,19518
county,28143,9984
county,28145,28486
county,28147,14505
county,28149,46682
county,28151,46197
county,28153,20430
county,28155,9732
county,28157,8855
county,28159,18237
county,28161,12449
county,28163,28659
county,29001,25429
county,29003,17474
county,29005,5243
county,29007,25590
county,29009,35631
county,29011,11793
county,29013,16293
county,29015,19072
county,29017,12280
county,29019,178012
county,29021,88660
county,29023,42618
county,29025,9059
county,29027,44982
county,29029,45473
county,29031,78261
county,29033,8779
county,29035,6179
county,29037,103477
county,29039,14070
county,29041,7457
county,29043,85392
county,29045,6720
county,29047,242527
county,29049,20551
county,29051,76632
county,29053,17647
county,29055,24107
county,29057,7586
county,29059,16699
county,29061,8358
county,29063,12532
county,29065,15497
county,29067,13276
county,29069,30121
county,29071,103315
county,29073,14683
county,29075,6634
county,29077,289512
county,29079,9991
county,29081,8506
county,29083,21695
county,29085,9395
county,29087,4407
county,29089,10066
county,29091,40074
county,29093,10181
county,29095,698072
county,29097,120048
county,29099,223769
county,29101,53735
county,29103,3970
county,29105,35418
county,29107,32579
county,29109,38256
county,29111,9952
county,29113,56045
county,29115,12168
county,29117,15157
county,29119,22722
county,29121,15262
county,29123,12230
county,29125,8790
county,29127,28585
county,29129,3656
county,29131,25202
county,29133,13594
county,29135,16047
county,29137,8596
county,29139,11378
county,29141,20162
county,29143,17544
county,29145,58191
county,29147,22401
county,29149,10553
county,29151,13658
county,29153,9227
county,29155,16783
county,29157,19262
county,29159,42445
county,29161,44551
county,29163,18557
county,29165,101141
county,29167,31742
county,29169,51862
county,29171,4778
county,29173,10226
county,29175,24899
county,29177,22877
county,29179,6260
county,29181,13565
county,29183,395130
county,29185,9365
county,29186,17792
county,29187,66674
county,29189,996227
county,29195,22910
county,29197,4518
county,29199,4948
county,29201,38576
county,29203,8235
county,29205,5995
county,29207,29364
county,29209,31642
county,29211,6212
county,29213,55100
county,29215,25650
county,29217,20507
county,29219,34448
county,29221,24994
county,29223,13303
county,29225,38745
county,29227,2041
county,29229,18210
county,29510,308233
county,30001,9450
county,30003,13483
county,30005,6745
county,30007,5917
county,30009,10680
county,30011,1223
county,30013,81633
county,30015,5732
county,30017,11726
county,30019,1722
county,30021,8952
county,30023,9100
county,30025,3004
county,30027,11281
county,30029,100091
county,30031,108576
county,30033,1281
county,30035,13732
county,30037,817
county,30039,3356
county,30041,16469
county,30043,11921
county,30045,1945
county,30047,30221
county,30049,67850
county,30051,2407
county,30053,19556
county,30055,1698
county,30057,8291
county,30059,1852
county,30061,4235
county,30063,117834
county,30065,4632
county,30067,16386
county,30069,512
county,30071,4113
county,30073,5968
county,30075,1750
county,30077,6789
county,30079,1099
county,30081,42524
county,30083,11027
county,30085,11160
county,30087,9205
county,30089,11689
county,30091,3471
county,30093,34811
county,30095,9419
county,30097,3676
county,30099,6091
county,30101,4860
county,30103,673
county,30105,7402
county,30107,2161
county,30109,1018
county,30111,159266
county,31001,31808
county,31003,6341
county,31005,455
county,31007,726
county,31009,479
county,31011,5320
county,31013,10835
county,31015,1955
county,31017,3000
county,31019,49350
county,31021,6531
county,31023,8032
county,31025,25935
county,31027,8515
county,31029,3928
county,31031,5790
county,31033,9644
county,31035,6186
county,31037,10700
county,31039,8947
county,31041,10869
county,31043,20010
county,31045,8888
county,31047,23657
county,31049,1861
county,31051,5746
county,31053,36789
county,31055,560733
county,31057,1783
county,31059,5561
county,31061,2974
county,31063,2623
county,31065,4763
county,31067,21621
county,31069,1890
county,31071,1986
county,31073,2028
county,31075,649
county,31077,2363
county,31079,61201
county,31081,9194
county,31083,3415
county,31085,893
county,31087,2806
county,31089,10182
county,31091,666
county,31093,6396
county,31095,7176
county,31097,5169
county,31099,6492
county,31101,8070
county,31103,790
county,31105,3568
county,31107,8439
county,31109,313772
county,31111,35265
county,31113,765
county,31115,604
county,31117,493
county,31119,35132
county,31121,7859
county,31123,4796
county,31125,3561
county,31127,6957
county,31129,4269
county,31131,15956
county,31133,2621
county,31135,2886
county,31137,9050
county,31139,7093
county,31141,33231
county,31143,5309
county,31145,10760
county,31147,7971
county,31149,1420
county,31151,14365
county,31153,181376
county,31155,21032
county,31157,36160
county,31159,17203
county,31161,5268
county,31163,3074
county,31165,1195
county,31167,5974
county,31169,5034
county,31171,722
county,31173,7196
county,31175,4227
county,31177,20328
county,31179,9213
county,31181,3505
county,31183,815
county,31185,13762
county,32001,24021
county,32003,2181635
county,32005,48030
county,32007,52357
county,32009,843
county,32011,1946
county,32013,16719
county,32015,5579
county,32017,5191
county,32019,53895
county,32021,4455
county,32023,43977
county,32027,6469
county,32029,3976
county,32031,456629
county,32033,9651
county,32510,54532
county,33001,60872
county,33003,48132
county,33005,75963
county,33007,31396
county,33009,89853
county,33011,413204
county,33013,149830
county,33015,306669
county,33017,129841
county,33019,43027
county,34001,265498
county,34003,932420
county,34005,445610
county,34007,506224
county,34009,93129
county,34011,151423
county,34013,796349
county,34015,290961
county,34017,672826
county,34019,124712
county,34021,368168
county,34023,827363
county,34025,621990
county,34027,493920
county,34029,595424
county,34031,504402
county,34033,62883
county,34035,330573
county,34037,141197
county,34039,554738
county,34041,105715
county,35001,678203
county,35003,3553
county,35005,65080
county,35006,26921
county,35007,12151
county,35009,49794
county,35011,1805
county,35013,216174
county,35015,57108
county,35017,27642
county,35019,4410
county,35021,684
county,35023,4298
county,35025,69046
county,35027,19468
county,35028,18742
county,35029,24100
county,35031,72423
county,35033,4530
county,35035,66121
county,35037,8299
county,35039,39235
county,35041,18900
county,35043,142689
county,35045,126917
county,35047,27715
county,35049,149491
county,35051,11064
county,35053,16832
county,35055,32790
county,35057,15535
county,35059,4180
county,35061,75884
county,36001,307717
county,36003,46639
county,36005,1440625
county,36007,193100
county,36009,77176
county,36011,77457
county,36013,128372
county,36015,84736
county,36017,47805
county,36019,80531
county,36021,60338
county,36023,47815
county,36025,45028
county,36027,293545
county,36029,919034
county,36031,37487
county,36033,50465
county,36035,53802
county,36037,57798
county,36039,47442
county,36041,4471
county,36043,62163
county,36045,113157
county,36047,2594676
county,36049,26605
county,36051,63483
county,36053,70942
county,36055,742724
county,36057,49163
county,36059,1357293
county,36061,1630698
county,36063,210848
county,36065,230011
county,36067,461795
county,36069,109538
county,36071,379758
county,36073,40786
county,36075,118427
county,36077,59920
county,36079,98856
county,36081,2295808
county,36083,159200
county,36085,475671
county,36087,324622
county,36089,108699
county,36091,229276
county,36093,154710
county,36095,31255
county,36097,17913
county,36099,34246
county,36101,96360
county,36103,1483358
county,36105,74994
county,36107,48609
county,36109,102664
county,36111,178635
county,36113,64365
county,36115,61559
county,36117,90429
county,36119,969689
county,36121,40282
county,36123,25002
county,37001,163276
county,37003,37143
county,37005,10988
county,37007,24829
county,37009,26787
county,37011,17517
county,37013,47033
county,37015,19263
county,37017,33443
county,37019,130859
county,37021,257071
county,37023,90157
county,37025,206988
county,37027,81933
county,37029,10532
county,37031,68921
county,37033,22616
county,37035,157852
county,37037,71189
county,37039,27954
county,37041,14029
county,37043,11004
county,37045,97134
county,37047,56047
county,37049,102492
county,37051,330994
county,37053,26290
county,37055,36199
county,37057,165180
county,37059,42308
county,37061,58943
county,37063,312153
county,37065,52756
county,37067,375840
county,37069,66155
county,37071,219656
county,37073,11514
county,37075,8524
county,37077,59372
county,37079,20963
county,37081,528243
county,37083,51311
county,37085,132395
county,37087,61005
county,37089,115216
county,37091,23923
county,37093,54138
county,37095,5240
county,37097,175634
county,37099,43224
county,37101,196374
county,37103,9573
county,37105,60403
county,37107,56622
county,37109,82557
county,37111,45083
county,37113,34581
county,37115,21563
county,37117,22763
county,37119,1078128
county,37121,14992
county,37123,27269
county,37125,97368
county,37127,94019
county,37129,228728
county,37131,19890
county,37133,195066
county,37135,143626
county,37137,12638
county,37139,39386
county,37141,60719
county,37143,13439
county,37145,39338
county,37147,178607
county,37149,20564
county,37151,143037
county,37153,44827
county,37155,132626
county,37157,90791
county,37159,140356
county,37161,66529
county,37163,63263
county,37165,35174
county,37167,61505
county,37169,45724
county,37171,72107
county,37173,14263
county,37175,33767
county,37177,4180
county,37179,231350
county,37181,44281
county,37183,1071706
county,37185,19849
county,37187,11944
county,37189,55181
county,37191,123034
county,37193,68489
county,37195,81436
county,37197,37588
county,37199,17697
county,38001,2324
county,38003,10679
county,38005,6916
county,38007,922
county,38009,6522
county,38011,3150
county,38013,2128
county,38015,95247
county,38017,177745
county,38019,3793
county,38021,4848
county,38023,2295
county,38025,4274
county,38027,2315
county,38029,3298
county,38031,3249
county,38033,1779
county,38035,70489
county,38037,2363
county,38039,2244
county,38041,2479
county,38043,2471
county,38045,4101
county,38047,1919
county,38049,5890
county,38051,2608
county,38053,12688
county,38055,9636
county,38057,8457
county,38059,30938
county,38061,10276
county,38063,2902
county,38065,1930
county,38067,6962
county,38069,4096
county,38071,11596
county,38073,5303
county,38075,2455
county,38077,16287
county,38079,14614
county,38081,3862
county,38083,1351
county,38085,4425
county,38087,767
county,38089,30291
county,38091,1906
county,38093,21132
county,38095,2244
county,38097,7998
county,38099,10801
county,38101,68516
county,38103,3994
county,38105,33467
county,39001,27753
county,39003,103093
county,39005,53662
county,39007,97748
county,39009,66503
county,39011,45753
county,39013,68002
county,39015,43523
county,39017,380607
county,39019,27324
county,39021,38851
county,39023,134549
county,39025,204260
county,39027,42004
county,39029,103062
county,39031,36536
county,39033,41710
county,39035,1247581
county,39037,51549
county,39039,38156
county,39041,200870
county,39043,74760
county,39045,154686
county,39047,28639
county,39049,1295510
county,39051,42265
county,39053,30162
county,39055,93881
county,39057,166566
county,39059,39066
county,39061,814170
county,39063,75973
county,39065,31329
county,39067,15202
county,39069,27179
county,39071,42903
county,39073,28436
county,39075,43895
county,39077,58393
county,39079,32386
county,39081,66318
county,39083,61271
county,39085,230159
county,39087,60075
county,39089,173617
county,39091,45198
county,39093,307441
county,39095,431039
county,39097,44041
county,39099,229791
county,39101,65076
county,39103,178176
county,39105,23071
county,39107,40858
county,39109,105200
county,39111,13931
county,39113,531467
county,39115,14644
county,39117,34911
county,39119,86123
county,39121,14400
county,39123,40623
county,39125,18831
county,39127,35972
county,39129,57740
county,39131,28088
county,39133,162473
county,39135,41116
county,39137,33860
county,39139,120430
county,39141,77295
county,39143,59093
county,39145,75976
county,39147,55267
county,39149,48738
county,39151,372003
county,39153,541514
county,39155,200281
county,39157,92308
county,39159,56798
county,39161,28283
county,39163,13082
county,39165,228709
county,39167,60491
county,39169,116168
county,39171,36707
county,39173,130437
county,39175,22063
county,40001,22119
county,40003,5913
county,40005,13779
county,40007,5364
county,40009,21779
county,40011,9512
county,40013,46481
county,40015,29356
county,40017,140001
county,40019,48273
county,40021,48891
county,40023,14804
county,40025,2152
county,40027,279542
county,40029,5630
county,40031,121786
county,40033,5863
county,40035,14332
county,40037,71890
county,40039,28974
county,40041,42672
county,40043,4899
county,40045,3970
county,40047,61600
county,40049,27857
county,40051,54829
county,40053,4379
county,40055,5793
county,40057,2710
county,40059,3784
county,40061,12726
county,40063,13265
county,40065,25112
county,40067,6164
county,40069,11121
county,40071,44403
county,40073,15688
county,40075,8849
county,40077,10318
county,40079,50020
county,40081,34961
county,40083,46785
county,40085,10076
county,40087,39306
county,40089,33031
county,40091,19701
county,40093,7684
county,40095,16364
county,40097,40988
county,40099,13918
county,40101,69027
county,40103,11303
county,40105,10322
county,40107,12076
county,40109,786068
county,40111,38819
county,40113,47346
county,40115,31368
county,40117,16419
county,40119,81908
county,40121,44154
county,40123,38371
county,40125,72185
county,40127,11118
county,40129,3661
county,40131,91435
county,40133,24845
county,40135,41742
county,40137,43340
county,40139,20924
county,40141,7399
county,40143,646437
county,40145,78984
county,40147,51996
county,40149,11055
county,40151,9069
county,40153,20531
county,41001,16083
county,41003,91790
county,41005,412442
county,41007,39101
county,41009,51724
county,41011,63708
county,41013,23065
county,41015,22630
county,41017,186744
county,41019,109197
county,41021,1862
county,41023,7188
county,41025,7258
county,41027,23398
county,41029,216746
county,41031,23652
county,41033,86584
county,41035,66810
county,41037,7874
county,41039,375264
county,41041,48757
county,41043,125035
county,41045,30385
county,41047,340531
county,41049,11198
county,41051,807885
county,41053,83711
county,41055,1735
county,41057,26522
county,41059,77120
county,41061,26383
county,41063,7025
county,41065,26296
county,41067,591336
county,41069,1348
county,41071,105238
county,42001,102562
county,42003,1220141
county,42005,65991
county,42007,165654
county,42009,48356
county,42011,417511
county,42013,123147
county,42015,60963
county,42017,626811
county,42019,186828
county,42021,132960
county,42023,4619
county,42025,63828
county,42027,162316
county,42029,518901
county,42031,38998
county,42033,79799
county,42035,38830
county,42037,65581
county,42039,85772
county,42041,249024
county,42043,275714
county,42045,563858
county,42047,30271
county,42049,273558
county,42051,131309
county,42053,7317
county,42055,154376
county,42057,14469
county,42059,36846
county,42061,45429
county,42063,84743
county,42065,43818
county,42067,24635
county,42069,210451
county,42071,541332
county,42073,86546
county,42075,139553
county,42077,365577
county,42079,317808
county,42081,114012
county,42083,41362
county,42085,111473
county,42087,46290
county,42089,167895
county,42091,824303
county,42093,18270
county,42095,302801
county,42097,91721
county,42099,46046
county,42101,1580601
county,42103,55397
county,42105,16841
county,42107,142580
county,42109,40594
county,42111,74242
county,42113,6142
county,42115,40934
county,42117,40671
county,42119,44642
county,42121,51790
county,42123,39679
county,42125,207075
county,42127,51192
county,42129,352006
county,42131,27396
county,42133,445484
county,44001,48734
county,44003,163543
county,44005,82952
county,44007,634130
county,44009,126314
county,45001,24567
county,45003,168325
county,45005,9012
county,45007,198186
county,45009,14384
county,45011,21355
county,45013,186497
county,45015,214541
county,45017,14696
county,45019,402008
county,45021,56913
county,45023,32299
county,45025,45979
county,45027,34012
county,45029,37555
county,45031,66981
county,45033,30496
county,45035,158988
county,45037,26837
county,45039,22593
county,45041,138495
county,45043,61826
county,45045,506831
county,45047,70496
county,45049,19498
county,45051,332655
county,45053,28522
county,45055,65213
county,45057,92411
county,45059,66822
county,45061,17388
county,45063,290338
county,45065,9554
county,45067,31295
county,45069,26691
county,45071,38381
county,45073,77388
county,45075,87671
county,45077,123518
county,45079,411800
county,45081,20299
county,45083,306740
county,45085,106431
county,45087,27400
county,45089,31216
county,45091,266165
county,46003,2769
county,46005,18541
county,46007,3446
county,46009,6952
county,46011,34749
county,46013,39290
county,46015,5304
county,46017,2013
county,46019,10114
county,46021,1372
county,46023,9404
county,46025,3679
county,46027,14032
county,46029,28125
county,46031,4195
county,46033,8763
county,46035,19870
county,46037,5494
county,46039,4311
county,46041,5857
county,46043,2927
county,46045,3915
county,46047,6698
county,46049,2323
county,46051,7159
county,46053,4206
county,46055,1921
county,46057,5998
county,46059,3275
county,46061,3409
county,46063,1244
county,46065,17670
county,46067,7349
county,46069,1297
county,46071,3269
county,46073,2024
county,46075,922
county,46077,4929
county,46079,12795
county,46081,25677
county,46083,56681
county,46085,3876
county,46087,5561
county,46089,2401
county,46091,4945
county,46093,27941
county,46095,2063
county,46097,2200
county,46099,189538
county,46101,6494
county,46102,14384
county,46103,110503
county,46105,2962
county,46107,2214
county,46109,10265
county,46111,2435
county,46115,6507
county,46117,2986
county,46119,1398
county,46121,10277
county,46123,5443
county,46125,8303
county,46127,15277
county,46129,5497
county,46135,22682
county,46137,2748
county,47001,76056
county,47003,48211
county,47005,15993
county,47007,14895
county,47009,129999
county,47011,105421
county,47013,39791
county,47015,14157
county,47017,27807
county,47019,56510
county,47021,40366
county,47023,17154
county,47025,31661
county,47027,7663
county,47029,35528
county,47031,55016
county,47033,14436
county,47035,59023
county,47037,687159
county,47039,11732
county,47041,19876
county,47043,52774
county,47045,37339
county,47047,40150
county,47049,18214
county,47051,41623
county,47053,49255
county,47055,29379
county,47057,23106
county,47059,68821
county,47061,13332
county,47063,64062
county,47065,361032
county,47067,6593
county,47069,25488
county,47071,25738
county,47073,56620
county,47075,17607
county,47077,27851
county,47079,32380
county,47081,24839
county,47083,8158
county,47085,18503
county,47087,11702
county,47089,53730
county,47091,17603
county,47093,461565
county,47095,7451
county,47097,26093
county,47099,43388
county,47101,12025
county,47103,33892
county,47105,52260
county,47107,52931
county,47109,26001
county,47111,23905
county,47113,97491
county,47115,28406
county,47117,33020
county,47119,92237
county,47121,12042
county,47123,46035
county,47125,199771
county,47127,6391
county,47129,21555
county,47131,30375
county,47133,21998
county,47135,7954
county,47137,5062
county,47139,16759
county,47141,77299
county,47143,32671
county,47145,53020
county,47147,70328
county,47149,316531
county,47151,21964
county,47153,14767
county,47155,97307
county,47157,935251
county,47159,19732
county,47161,13422
county,47163,156924
county,47165,183756
county,47167,61305
county,47169,10831
county,47171,17796
county,47173,19399
county,47175,5747
county,47177,40717
county,47179,127603
county,47181,16641
county,47183,33325
county,47185,26764
county,47187,226048
county,47189,136691
county,48001,58175
county,48003,17603
county,48005,87572
county,48007,25392
county,48009,8783
county,48011,1867
county,48013,49083
county,48015,29722
county,48017,7066
county,48019,22327
county,48021,84585
county,48023,3555
county,48025,32592
county,48027,347377
county,48029,1956988
county,48031,11481
county,48033,670
county,48035,18295
county,48037,93458
county,48039,361853
county,48041,223917
county,48043,9325
county,48045,1514
county,48047,7132
county,48049,37815
county,48051,18053
county,48053,46600
county,48055,42328
county,48057,21712
county,48059,13968
county,48061,422227
county,48063,12845
county,48065,6005
county,48067,29966
county,48069,7696
county,48071,41269
county,48073,52116
county,48075,7269
county,48077,10484
county,48079,2853
county,48081,3285
county,48083,8399
county,48085,971864
county,48087,2964
county,48089,21291
county,48091,140721
county,48093,13533
county,48095,2707
county,48097,39932
county,48099,74760
county,48101,1375
county,48103,4685
county,48105,3535
county,48107,5849
county,48109,2230
county,48111,7272
county,48113,2620154
county,48115,12744
county,48117,18753
county,48119,5276
county,48121,835364
county,48123,20180
county,48125,2190
county,48127,10282
county,48129,3340
county,48131,11270
county,48133,18294
county,48135,156951
county,48137,1929
county,48139,173405
county,48141,837401
county,48143,41723
county,48145,17340
county,48147,34550
county,48149,25119
county,48151,3874
county,48153,5830
county,48155,1202
county,48157,767712
county,48159,10798
county,48161,19649
county,48163,19895
county,48165,20553
county,48167,334633
county,48169,6490
county,48171,26483
county,48173,1363
county,48175,7552
county,48177,20742
county,48179,22106
county,48181,131152
county,48183,122852
county,48185,27955
county,48187,159639
county,48189,33954
county,48191,3042
county,48193,8407
county,48195,5485
county,48197,3959
county,48199,57117
county,48201,4657972
county,48203,66468
county,48205,5716
county,48207,5699
county,48209,214726
county,48211,3929
county,48213,80954
county,48215,856249
county,48217,35703
county,48219,22977
county,48221,57973
county,48223,36451
county,48225,23089
county,48227,35817
county,48229,4604
county,48231,94046
county,48233,21343
county,48235,1512
county,48237,8828
county,48239,14806
county,48241,35549
county,48243,2260
county,48245,256041
county,48247,5212
county,48249,40920
county,48251,167012
county,48253,19827
county,48255,15556
county,48257,122628
county,48259,43969
county,48261,427
county,48263,759
county,48265,51892
county,48267,4385
county,48269,289
county,48271,3711
county,48273,30752
county,48275,3674
county,48277,49568
county,48279,13165
county,48281,20861
county,48283,7530
county,48285,20028
county,48287,17109
county,48289,17235
county,48291,83597
county,48293,23391
county,48295,3364
county,48297,12146
county,48299,21167
county,48301,133
county,48303,305413
county,48305,5832
county,48307,7941
county,48309,251631
county,48311,765
county,48313,14251
county,48315,10057
county,48317,5531
county,48319,4179
county,48321,36805
county,48323,58111
county,48325,50183
county,48327,2110
county,48329,165318
county,48331,24939
county,48333,4917
county,48335,8215
county,48337,19399
county,48339,571615
county,48341,21604
county,48343,12375
county,48345,1226
county,48347,65317
county,48349,48739
county,48351,13908
county,48353,14854
county,48355,361235
county,48357,9996
county,48359,2104
county,48361,84971
county,48363,28544
county,48365,23211
county,48367,133501
county,48369,9710
county,48371,15634
county,48373,48990
county,48375,120340
county,48377,7100
county,48379,11730
county,48381,134015
county,48383,3712
county,48385,3417
county,48387,12164
county,48389,15166
county,48391,7180
county,48393,941
county,48395,17153
county,48397,96824
county,48399,10282
county,48401,54213
county,48403,10417
county,48405,8302
county,48407,28231
county,48409,67210
county,48411,5996
county,48413,2989
county,48415,17003
county,48417,3289
county,48419,25225
county,48421,3046
county,48423,227195
county,48425,8855
county,48427,64130
county,48429,9287
county,48431,1287
county,48433,1376
county,48435,3792
county,48437,7446
county,48439,2056451
county,48441,136634
county,48443,814
county,48445,12429
county,48447,1510
county,48449,32619
county,48451,117566
county,48453,1227585
county,48455,14677
county,48457,21517
county,48459,41069
county,48461,3658
county,48463,27043
county,48465,49028
county,48467,55163
county,48469,92045
county,48471,72816
county,48473,51717
county,48475,11383
county,48477,34861
county,48479,273691
county,48481,41837
county,48483,5300
county,48485,131689
county,48487,12683
county,48489,21508
county,48491,546251
county,48493,49211
county,48495,7605
county,48497,65848
county,48499,44263
county,48501,8557
county,48503,17922
county,48505,14254
county,48507,11957
county,49001,6421
county,49003,53977
county,49005,124236
county,49007,20131
county,49009,1013
county,49011,346658
county,49013,19868
county,49015,10006
county,49017,5025
county,49019,9589
county,49021,50761
county,49023,11293
county,49025,7520
county,49027,12821
county,49029,11829
county,49031,1407
county,49033,2395
county,49035,1136719
county,49037,15277
county,49039,29921
county,49041,21292
county,49043,41330
county,49045,67486
county,49047,35228
county,49049,606742
county,49051,31890
county,49053,165929
county,49055,2702
county,49057,251576
county,50001,36900
county,50003,35675
county,50005,30141
county,50007,163031
county,50009,6184
county,50011,48969
county,50013,6975
county,50015,25360
county,50017,28964
county,50019,26811
county,50021,59006
county,50023,58253
county,50025,42851
county,50027,55224
county,51001,32685
county,51003,107768
county,51005,15128
county,51007,12980
county,51009,31863
county,51011,15723
county,51013,234647
county,51015,75177
county,51017,4266
county,51019,78378
county,51021,6354
county,51023,33313
county,51025,16570
county,51027,21604
county,51029,17038
county,51031,55326
county,51033,30432
county,51035,29812
county,51036,7026
county,51037,12077
county,51041,343276
county,51043,14454
county,51045,5062
county,51047,51235
county,51049,9828
county,51051,14722
county,51053,28630
county,51057,10969
county,51059,1148728
county,51061,69547
county,51063,15758
county,51065,26480
county,51067,56315
county,51069,86456
county,51071,16754
county,51073,37295
county,51075,22703
county,51077,15697
county,51079,19593
county,51081,11569
county,51083,34575
county,51085,105674
county,51087,327559
county,51089,51346
county,51091,2217
county,51093,36571
county,51095,75274
county,51097,6999
county,51099,26337
county,51101,16684
county,51103,10725
county,51105,23900
county,51107,397049
county,51109,35912
county,51111,12333
county,51113,13212
county,51115,8709
county,51117,30693
county,51119,10625
county,51121,98142
county,51125,14800
county,51127,21638
county,51131,11872
county,51133,12271
county,51135,15432
county,51137,35870
county,51139,23784
county,51141,17713
county,51143,61309
county,51145,28716
county,51147,22678
county,51149,38006
county,51153,463069
county,51155,34225
county,51157,7393
county,51159,8889
county,51161,93939
county,51163,22668
county,51165,80397
county,51167,27046
county,51169,21893
county,51171,43276
county,51173,30731
county,51175,17841
county,51177,132739
county,51179,146792
county,51181,6503
county,51183,11379
county,51185,41303
county,51187,39409
county,51191,54179
county,51193,17725
county,51195,38574
county,51197,28829
county,51199,68022
county,51510,159215
county,51520,16880
county,51530,6482
county,51540,47463
county,51550,240143
county,51570,17424
county,51580,5576
county,51590,41044
county,51595,5467
county,51600,23435
county,51610,14245
county,51620,8145
county,51630,28498
county,51640,6484
county,51650,134725
county,51660,53644
county,51670,22505
county,51678,7154
county,51680,80523
county,51683,41141
county,51685,17149
county,51690,12823
county,51700,179447
county,51710,244543
county,51720,3918
county,51730,31137
county,51735,12039
county,51740,94838
county,51750,17484
county,51760,227230
county,51770,98986
county,51775,25373
county,51790,24325
county,51800,90108
county,51810,449896
county,51820,22242
county,51830,14994
county,51840,28178
county,53001,19651
county,53003,22509
county,53005,198200
county,53007,76298
county,53009,75637
county,53011,474381
county,53013,4002
county,53015,106805
county,53017,42027
county,53019,7576
county,53021,91896
county,53023,2215
county,53025,95357
county,53027,72490
county,53029,83250
county,53031,31210
county,53033,2203836
county,53035,266289
county,53037,46176
county,53039,21751
county,53041,78320
county,53043,10585
county,53045,63740
county,53047,41915
county,53049,21742
county,53051,13358
county,53053,879654
county,53055,16729
county,53057,125860
county,53059,11809
county,53061,802089
county,53063,505623
county,53065,44636
county,53067,280269
county,53069,4251
county,53071,60512
county,53073,221410
county,53075,49382
county,53077,249922
county,54001,16515
county,54003,115073
county,54005,22369
county,54007,14217
county,54009,22373
county,54011,94452
county,54013,7310
county,54015,8693
county,54017,8518
county,54019,43607
county,54021,8042
county,54023,11627
county,54025,35208
county,54027,23386
county,54029,29383
county,54031,13849
county,54033,67905
county,54035,28908
county,54037,56444
county,54039,183385
county,54041,16178
county,54043,20872
county,54045,33028
county,54047,18505
county,54049,56349
county,54051,31252
county,54053,26806
county,54055,59869
county,54057,27223
county,54059,24142
county,54061,105782
county,54063,13382
county,54065,17716
county,54067,25125
county,54069,42001
county,54071,6973
county,54073,7455
county,54075,8493
county,54077,33826
county,54079,56692
county,54081,75066
county,54083,28894
county,54085,9851
county,54087,14004
county,54089,12882
county,54091,16914
county,54093,6992
county,54095,8800
county,54097,24555
county,54099,40215
county,54101,8348
county,54103,15433
county,54105,5786
county,54107,85060
county,54109,21271
county,55001,19900
county,55003,15501
county,55005,45141
county,55007,15006
county,55009,261762
county,55011,13105
county,55013,15295
county,55015,49995
county,55017,63747
county,55019,34571
county,55021,57244
county,55023,16199
county,55025,537453
county,55027,87705
county,55029,27454
county,55031,43328
county,55033,44714
county,55035,103582
county,55037,4335
county,55039,102417
county,55041,8969
county,55043,51728
county,55045,36877
county,55047,18720
county,55049,23676
county,55051,5675
county,55053,20485
county,55055,84733
county,55057,26460
county,55059,168356
county,55061,20401
county,55063,118033
county,55065,16689
county,55067,19175
county,55069,27751
county,55071,79099
county,55073,135452
county,55075,40300
county,55077,15280
county,55078,4599
county,55079,950172
county,55081,45715
county,55083,37531
county,55085,35236
county,55087,185816
county,55089,88443
county,55091,7246
county,55093,42016
county,55095,43397
county,55097,70565
county,55099,13380
county,55101,195825
county,55103,17517
county,55105,162205
county,55107,14148
county,55109,88560
county,55111,63967
county,55113,16367
county,55115,40846
county,55117,115089
county,55119,20314
county,55121,29372
county,55123,30702
county,55125,21684
county,55127,102850
county,55129,15739
county,55131,134930
county,55133,400899
county,55135,51118
county,55137,24193
county,55139,170394
county,55141,73038
county,56001,38459
county,56003,11859
county,56005,46402
county,56007,15252
county,56009,13733
county,56011,7397
county,56013,39818
county,56015,13361
county,56017,4686
county,56019,8447
county,56021,98377
county,56023,19278
county,56025,79586
county,56027,2392
county,56029,29194
county,56031,8541
county,56033,30147
county,56035,9745
county,56037,43464
county,56039,23384
county,56041,20431
county,56043,8010
county,56045,6968
state,01,4874486
state,02,739700
state,04,7044008
state,05,3001345
state,06,39358497
state,08,5611885
state,09,3573297
state,10,956823
state,11,694906
state,12,20963613
state,13,10410330
state,15,1424393
state,16,1717715
state,17,12778828
state,18,6658078
state,19,3141550
state,20,2908718
state,21,4452268
state,22,4670560
state,23,1334612
state,24,6023868
state,25,6859789
state,26,9973114
state,27,5566230
state,28,2988510
state,29,6106670
state,30,1052482
state,31,1915947
state,32,2969905
state,33,1348787
state,34,8885525
state,35,2091784
state,36,19589572
state,37,10268233
state,38,754942
state,39,11659650
state,40,3931316
state,41,4143625
state,42,12787641
state,44,1055673
state,45,5021268
state,46,872868
state,47,6708799
state,48,28295273
state,49,3101042
state,50,624344
state,51,8463587
state,53,7423362
state,54,1817004
state,55,5790186
state,56,578931
