user_id,timestamp,event_name
u0138,2024-01-01T01:15:37Z,signup
u0140,2024-01-01T01:40:24Z,signup
u0315,2024-01-01T01:50:43Z,signup
u0375,2024-01-01T03:01:10Z,signup
u0311,2024-01-01T09:00:51Z,signup
u0143,2024-01-01T15:51:37Z,signup
u0295,2024-01-01T16:14:50Z,signup
u0065,2024-01-01T16:26:13Z,signup
u0295,2024-01-01T17:22:17Z,session
u0030,2024-01-01T21:57:31Z,signup
u0389,2024-01-02T05:36:39Z,signup
u0065,2024-01-02T08:18:50Z,session
u0003,2024-01-02T09:16:13Z,signup
u0063,2024-01-02T10:07:17Z,signup
u0030,2024-01-02T12:57:15Z,session
u0397,2024-01-02T13:28:34Z,signup
u0355,2024-01-02T23:11:59Z,signup
u0140,2024-01-02T23:34:29Z,session
u0034,2024-01-02T23:56:08Z,signup
u0154,2024-01-03T06:49:10Z,signup
u0228,2024-01-03T06:52:30Z,signup
u0003,2024-01-03T08:39:55Z,session
u0319,2024-01-03T11:11:07Z,signup
u0057,2024-01-03T12:17:25Z,signup
u0355,2024-01-03T15:12:18Z,session
u0030,2024-01-03T19:09:17Z,session
u0397,2024-01-03T22:48:25Z,session
u0028,2024-01-04T02:55:12Z,signup
u0211,2024-01-04T09:02:44Z,signup
u0064,2024-01-04T10:10:56Z,signup
u0154,2024-01-04T11:03:13Z,session
u0389,2024-01-04T11:06:45Z,session
u0182,2024-01-04T11:09:50Z,signup
u0275,2024-01-04T13:34:23Z,signup
u0228,2024-01-04T14:06:16Z,session
u0028,2024-01-04T15:05:35Z,session
u0057,2024-01-04T15:15:36Z,session
u0397,2024-01-04T18:04:42Z,session
u0034,2024-01-04T18:25:45Z,session
u0249,2024-01-04T20:18:59Z,signup
u0321,2024-01-04T20:59:00Z,signup
u0266,2024-01-04T22:09:29Z,signup
u0127,2024-01-05T00:23:24Z,signup
u0028,2024-01-05T00:57:49Z,session
u0321,2024-01-05T03:18:27Z,session
u0067,2024-01-05T06:00:14Z,signup
u0105,2024-01-05T12:27:46Z,signup
u0271,2024-01-05T13:32:47Z,signup
u0234,2024-01-05T14:05:37Z,signup
u0127,2024-01-05T17:20:22Z,session
u0319,2024-01-05T17:23:46Z,session
u0083,2024-01-05T19:27:14Z,signup
u0154,2024-01-05T19:35:06Z,session
u0182,2024-01-05T21:36:56Z,session
u0317,2024-01-06T01:06:36Z,signup
u0067,2024-01-06T02:00:28Z,session
u0156,2024-01-06T06:49:41Z,signup
u0252,2024-01-06T11:44:23Z,signup
u0131,2024-01-06T12:58:49Z,signup
u0051,2024-01-06T14:11:05Z,signup
u0130,2024-01-06T16:52:33Z,signup
u0206,2024-01-06T17:36:37Z,signup
u0206,2024-01-06T22:40:25Z,session
u0182,2024-01-07T00:28:13Z,session
u0275,2024-01-07T01:14:07Z,session
u0260,2024-01-07T04:08:04Z,signup
u0321,2024-01-07T06:00:55Z,session
u0275,2024-01-07T06:51:07Z,session
u0123,2024-01-07T07:55:23Z,signup
u0051,2024-01-07T13:27:22Z,session
u0130,2024-01-07T13:35:49Z,session
u0096,2024-01-07T14:17:56Z,signup
u0303,2024-01-07T15:13:07Z,signup
u0083,2024-01-07T15:34:54Z,session
u0067,2024-01-07T17:51:01Z,session
u0300,2024-01-07T18:20:11Z,signup
u0053,2024-01-07T19:06:23Z,signup
u0123,2024-01-07T19:25:06Z,session
u0051,2024-01-07T19:25:48Z,session
u0206,2024-01-07T20:14:23Z,session
u0346,2024-01-07T21:13:48Z,signup
u0053,2024-01-07T23:59:59Z,session
u0083,2024-01-07T23:59:59Z,session
u0096,2024-01-07T23:59:59Z,session
u0130,2024-01-07T23:59:59Z,session
u0131,2024-01-07T23:59:59Z,session
u0131,2024-01-07T23:59:59Z,session
u0156,2024-01-07T23:59:59Z,session
u0234,2024-01-07T23:59:59Z,session
u0300,2024-01-07T23:59:59Z,session
u0303,2024-01-07T23:59:59Z,session
u0317,2024-01-07T23:59:59Z,session
u0346,2024-01-07T23:59:59Z,session
u0127,2024-01-08T01:47:46Z,session
u0063,2024-01-08T12:37:23Z,session
u0274,2024-01-08T12:41:28Z,signup
u0249,2024-01-08T17:45:40Z,session
u0303,2024-01-08T19:16:41Z,session
u0075,2024-01-08T19:52:51Z,signup
u0300,2024-01-08T20:17:56Z,session
u0317,2024-01-09T00:16:14Z,session
u0083,2024-01-09T00:26:26Z,session
u0314,2024-01-09T02:24:57Z,signup
u0067,2024-01-09T02:50:54Z,session
u0096,2024-01-09T04:05:36Z,session
u0156,2024-01-09T04:55:18Z,session
u0096,2024-01-09T07:45:07Z,session
u0001,2024-01-09T08:19:58Z,signup
u0249,2024-01-09T09:16:54Z,session
u0143,2024-01-09T11:23:50Z,session
u0249,2024-01-09T12:59:05Z,session
u0228,2024-01-09T13:02:06Z,session
u0231,2024-01-09T13:35:20Z,signup
u0143,2024-01-09T13:54:38Z,session
u0345,2024-01-09T14:03:10Z,signup
u0030,2024-01-09T15:24:28Z,session
u0063,2024-01-09T16:58:13Z,session
u0053,2024-01-09T20:08:12Z,session
u0098,2024-01-09T21:40:05Z,signup
u0030,2024-01-09T22:03:23Z,session
u0031,2024-01-09T23:55:45Z,signup
u0274,2024-01-10T00:44:26Z,session
u0389,2024-01-10T03:46:00Z,session
u0355,2024-01-10T05:31:33Z,session
u0063,2024-01-10T07:54:37Z,session
u0131,2024-01-10T07:58:04Z,session
u0256,2024-01-10T08:49:25Z,signup
u0289,2024-01-10T08:54:06Z,signup
u0064,2024-01-10T10:04:58Z,session
u0355,2024-01-10T10:30:27Z,session
u0211,2024-01-10T13:18:45Z,session
u0256,2024-01-10T14:07:21Z,session
u0295,2024-01-10T15:41:58Z,session
u0140,2024-01-10T16:35:46Z,session
u0083,2024-01-10T17:42:47Z,session
u0009,2024-01-10T23:16:07Z,signup
u0289,2024-01-11T03:06:20Z,session
u0301,2024-01-11T03:49:35Z,signup
u0292,2024-01-11T05:38:34Z,signup
u0152,2024-01-11T06:24:03Z,signup
u0333,2024-01-11T06:44:14Z,signup
u0352,2024-01-11T07:06:30Z,signup
u0075,2024-01-11T11:48:28Z,session
u0397,2024-01-11T14:58:14Z,session
u0068,2024-01-11T15:31:43Z,signup
u0136,2024-01-11T17:02:58Z,signup
u0067,2024-01-11T18:18:09Z,session
u0030,2024-01-11T22:26:34Z,session
u0127,2024-01-11T23:23:48Z,session
u0271,2024-01-12T02:51:03Z,session
u0120,2024-01-12T03:44:25Z,signup
u0301,2024-01-12T04:39:46Z,session
u0292,2024-01-12T05:05:07Z,session
u0204,2024-01-12T05:28:43Z,signup
u0275,2024-01-12T05:51:01Z,session
u0304,2024-01-12T06:53:15Z,signup
u0173,2024-01-12T08:57:39Z,signup
u0352,2024-01-12T11:27:03Z,session
u0380,2024-01-12T13:11:42Z,signup
u0168,2024-01-12T14:01:12Z,signup
u0228,2024-01-12T14:59:32Z,session
u0115,2024-01-12T16:51:20Z,signup
u0389,2024-01-12T18:44:42Z,session
u0333,2024-01-12T18:52:20Z,session
u0266,2024-01-12T18:58:00Z,session
u0068,2024-01-12T19:14:46Z,session
u0098,2024-01-12T19:22:18Z,session
u0301,2024-01-12T19:36:24Z,session
u0067,2024-01-12T20:14:47Z,session
u0288,2024-01-12T21:51:58Z,signup
u0096,2024-01-12T23:33:45Z,session
u0156,2024-01-13T02:28:32Z,session
u0397,2024-01-13T02:52:10Z,session
u0256,2024-01-13T03:37:51Z,session
u0028,2024-01-13T03:50:49Z,session
u0127,2024-01-13T04:19:03Z,session
u0156,2024-01-13T06:24:15Z,session
u0015,2024-01-13T06:47:21Z,signup
u0333,2024-01-13T07:31:12Z,session
u0304,2024-01-13T07:59:05Z,session
u0019,2024-01-13T10:59:38Z,signup
u0019,2024-01-13T11:27:22Z,session
u0029,2024-01-13T12:01:10Z,signup
u0053,2024-01-13T14:10:59Z,session
u0389,2024-01-13T14:23:42Z,session
u0275,2024-01-13T17:30:06Z,session
u0053,2024-01-13T18:43:20Z,session
u0311,2024-01-13T20:40:00Z,session
u0304,2024-01-13T23:37:10Z,session
u0346,2024-01-14T02:42:41Z,session
u0228,2024-01-14T03:19:31Z,session
u0311,2024-01-14T03:23:15Z,session
u0303,2024-01-14T03:47:29Z,session
u0271,2024-01-14T04:34:05Z,session
u0173,2024-01-14T05:11:04Z,session
u0292,2024-01-14T05:12:29Z,session
u0005,2024-01-14T05:52:43Z,signup
u0151,2024-01-14T07:12:53Z,signup
u0288,2024-01-14T10:43:26Z,session
u0309,2024-01-14T13:45:10Z,signup
u0173,2024-01-14T15:03:08Z,session
u0250,2024-01-14T15:57:43Z,signup
u0028,2024-01-14T17:00:54Z,session
u0064,2024-01-14T19:12:02Z,session
u0204,2024-01-14T19:55:54Z,session
u0140,2024-01-14T22:02:03Z,session
u0028,2024-01-14T22:12:25Z,session
u0300,2024-01-14T23:41:54Z,session
u0005,2024-01-14T23:59:59Z,session
u0005,2024-01-14T23:59:59Z,session
u0115,2024-01-14T23:59:59Z,session
u0151,2024-01-14T23:59:59Z,session
u0151,2024-01-14T23:59:59Z,session
u0250,2024-01-14T23:59:59Z,session
u0309,2024-01-14T23:59:59Z,session
u0309,2024-01-14T23:59:59Z,session
u0375,2024-01-15T00:50:31Z,session
u0271,2024-01-15T02:07:16Z,session
u0243,2024-01-15T03:08:22Z,signup
u0033,2024-01-15T05:23:56Z,signup
u0005,2024-01-15T09:35:33Z,session
u0250,2024-01-15T09:36:37Z,session
u0105,2024-01-15T10:06:15Z,session
u0295,2024-01-15T12:11:55Z,session
u0127,2024-01-15T12:18:02Z,session
u0112,2024-01-15T12:37:28Z,signup
u0317,2024-01-15T13:17:02Z,session
u0152,2024-01-15T13:39:21Z,session
u0274,2024-01-15T15:46:34Z,session
u0347,2024-01-15T16:11:54Z,signup
u0029,2024-01-15T16:59:28Z,session
u0028,2024-01-15T19:01:44Z,session
u0105,2024-01-15T19:34:26Z,session
u0143,2024-01-15T22:04:22Z,session
u0009,2024-01-15T22:08:47Z,session
u0266,2024-01-15T22:54:19Z,session
u0098,2024-01-15T23:53:07Z,session
u0231,2024-01-16T00:03:49Z,session
u0029,2024-01-16T00:05:09Z,session
u0231,2024-01-16T00:07:18Z,session
u0306,2024-01-16T02:58:34Z,signup
u0306,2024-01-16T02:59:34Z,session
u0268,2024-01-16T03:54:30Z,signup
u0366,2024-01-16T05:10:40Z,signup
u0260,2024-01-16T05:21:40Z,session
u0297,2024-01-16T05:22:14Z,signup
u0345,2024-01-16T05:22:50Z,session
u0328,2024-01-16T05:31:56Z,signup
u0285,2024-01-16T06:04:54Z,signup
u0051,2024-01-16T07:16:52Z,session
u0143,2024-01-16T08:12:02Z,session
u0274,2024-01-16T09:20:09Z,session
u0389,2024-01-16T11:17:14Z,session
u0250,2024-01-16T12:23:37Z,session
u0061,2024-01-16T14:26:36Z,signup
u0352,2024-01-16T16:20:48Z,session
u0169,2024-01-16T16:31:17Z,signup
u0389,2024-01-16T16:45:28Z,session
u0311,2024-01-16T17:00:58Z,session
u0317,2024-01-16T18:45:13Z,session
u0173,2024-01-16T18:45:21Z,session
u0150,2024-01-16T19:20:02Z,signup
u0131,2024-01-16T22:19:04Z,session
u0285,2024-01-16T22:47:34Z,session
u0100,2024-01-16T22:54:13Z,signup
u0389,2024-01-17T00:11:08Z,session
u0266,2024-01-17T01:32:26Z,session
u0328,2024-01-17T05:08:44Z,session
u0053,2024-01-17T06:02:37Z,session
u0135,2024-01-17T07:18:17Z,signup
u0150,2024-01-17T07:44:25Z,session
u0154,2024-01-17T08:14:38Z,session
u0303,2024-01-17T08:16:07Z,session
u0125,2024-01-17T08:37:32Z,signup
u0057,2024-01-17T08:45:07Z,session
u0027,2024-01-17T10:47:28Z,signup
u0015,2024-01-17T13:56:02Z,session
u0268,2024-01-17T14:44:33Z,session
u0058,2024-01-17T17:36:59Z,signup
u0030,2024-01-17T17:50:40Z,session
u0285,2024-01-17T18:15:45Z,session
u0151,2024-01-17T18:38:38Z,session
u0268,2024-01-17T18:56:51Z,session
u0061,2024-01-17T19:41:40Z,session
u0112,2024-01-17T20:03:39Z,session
u0359,2024-01-17T21:05:25Z,signup
u0228,2024-01-17T23:23:02Z,session
u0297,2024-01-18T02:39:44Z,session
u0027,2024-01-18T03:44:32Z,session
u0206,2024-01-18T04:07:11Z,session
u0344,2024-01-18T04:35:57Z,signup
u0051,2024-01-18T04:43:34Z,session
u0009,2024-01-18T05:01:58Z,session
u0029,2024-01-18T05:04:18Z,session
u0359,2024-01-18T06:09:58Z,session
u0386,2024-01-18T08:27:16Z,signup
u0292,2024-01-18T09:06:07Z,session
u0100,2024-01-18T11:18:14Z,session
u0317,2024-01-18T11:43:41Z,session
u0266,2024-01-18T12:13:48Z,session
u0304,2024-01-18T13:01:45Z,session
u0352,2024-01-18T13:08:24Z,session
u0386,2024-01-18T13:29:16Z,session
u0262,2024-01-18T13:32:02Z,signup
u0009,2024-01-18T13:53:02Z,session
u0127,2024-01-18T14:45:23Z,session
u0335,2024-01-18T15:24:16Z,signup
u0019,2024-01-18T17:17:10Z,session
u0030,2024-01-18T18:59:07Z,session
u0297,2024-01-18T19:28:30Z,session
u0306,2024-01-18T19:57:33Z,session
u0386,2024-01-18T21:47:29Z,session
u0270,2024-01-18T22:52:39Z,signup
u0128,2024-01-18T23:09:09Z,signup
u0158,2024-01-19T00:39:51Z,signup
u0357,2024-01-19T01:25:29Z,signup
u0096,2024-01-19T03:18:02Z,session
u0130,2024-01-19T06:39:07Z,session
u0395,2024-01-19T07:35:51Z,signup
u0256,2024-01-19T08:17:34Z,session
u0359,2024-01-19T09:20:24Z,session
u0368,2024-01-19T11:42:18Z,signup
u0221,2024-01-19T12:08:51Z,signup
u0143,2024-01-19T12:44:47Z,session
u0262,2024-01-19T13:25:35Z,session
u0226,2024-01-19T13:43:00Z,signup
u0226,2024-01-19T13:55:17Z,session
u0160,2024-01-19T16:08:02Z,signup
u0335,2024-01-19T16:53:12Z,session
u0335,2024-01-19T18:21:58Z,session
u0105,2024-01-19T20:55:05Z,session
u0152,2024-01-19T21:13:23Z,session
u0295,2024-01-19T21:39:37Z,session
u0083,2024-01-19T23:45:52Z,session
u0370,2024-01-20T00:40:38Z,signup
u0370,2024-01-20T02:43:05Z,session
u0135,2024-01-20T04:32:26Z,session
u0058,2024-01-20T04:40:21Z,session
u0271,2024-01-20T05:28:50Z,session
u0384,2024-01-20T06:17:19Z,signup
u0249,2024-01-20T07:03:31Z,session
u0252,2024-01-20T07:36:40Z,session
u0057,2024-01-20T07:38:29Z,session
u0056,2024-01-20T08:30:23Z,signup
u0019,2024-01-20T09:02:13Z,session
u0355,2024-01-20T10:57:53Z,session
u0028,2024-01-20T12:46:49Z,session
u0303,2024-01-20T13:12:54Z,session
u0053,2024-01-20T13:35:51Z,session
u0361,2024-01-20T13:37:24Z,signup
u0211,2024-01-20T14:59:21Z,session
u0361,2024-01-20T15:17:04Z,session
u0355,2024-01-20T15:28:07Z,session
u0250,2024-01-20T15:44:30Z,session
u0030,2024-01-20T16:26:28Z,session
u0305,2024-01-20T16:49:20Z,signup
u0128,2024-01-20T19:29:08Z,session
u0133,2024-01-20T21:11:48Z,signup
u0375,2024-01-20T23:40:40Z,session
u0384,2024-01-21T00:00:49Z,session
u0286,2024-01-21T02:02:34Z,signup
u0307,2024-01-21T02:21:26Z,signup
u0375,2024-01-21T02:34:03Z,session
u0161,2024-01-21T02:53:43Z,signup
u0307,2024-01-21T04:56:31Z,session
u0098,2024-01-21T05:22:14Z,session
u0237,2024-01-21T06:10:04Z,signup
u0395,2024-01-21T06:47:29Z,session
u0301,2024-01-21T08:23:52Z,session
u0003,2024-01-21T10:09:13Z,session
u0173,2024-01-21T10:39:13Z,session
u0260,2024-01-21T10:40:10Z,session
u0270,2024-01-21T12:30:11Z,session
u0028,2024-01-21T12:52:05Z,session
u0264,2024-01-21T13:33:31Z,signup
u0098,2024-01-21T15:01:14Z,session
u0368,2024-01-21T16:16:04Z,session
u0051,2024-01-21T17:19:38Z,session
u0361,2024-01-21T17:29:45Z,session
u0097,2024-01-21T17:45:50Z,signup
u0292,2024-01-21T19:49:22Z,session
u0005,2024-01-21T20:20:19Z,session
u0345,2024-01-21T21:01:00Z,session
u0097,2024-01-21T23:59:59Z,session
u0160,2024-01-21T23:59:59Z,session
u0161,2024-01-21T23:59:59Z,session
u0237,2024-01-21T23:59:59Z,session
u0370,2024-01-21T23:59:59Z,session
u0306,2024-01-22T00:08:09Z,session
u0223,2024-01-22T01:04:24Z,signup
u0307,2024-01-22T02:49:10Z,session
u0295,2024-01-22T03:33:03Z,session
u0361,2024-01-22T03:41:29Z,session
u0071,2024-01-22T04:44:52Z,signup
u0264,2024-01-22T06:15:44Z,session
u0275,2024-01-22T07:19:38Z,session
u0099,2024-01-22T09:44:41Z,signup
u0160,2024-01-22T09:47:50Z,session
u0182,2024-01-22T10:05:41Z,session
u0119,2024-01-22T11:50:57Z,signup
u0390,2024-01-22T12:36:27Z,signup
u0165,2024-01-22T14:06:18Z,signup
u0296,2024-01-22T14:16:51Z,signup
u0340,2024-01-22T14:33:29Z,signup
u0315,2024-01-22T14:53:29Z,session
u0009,2024-01-22T17:51:44Z,session
u0221,2024-01-22T18:46:01Z,session
u0268,2024-01-22T18:53:04Z,session
u0172,2024-01-22T19:36:58Z,signup
u0083,2024-01-22T21:00:01Z,session
u0311,2024-01-22T22:02:55Z,session
u0300,2024-01-22T22:50:29Z,session
u0268,2024-01-22T23:14:48Z,session
u0127,2024-01-22T23:28:09Z,session
u0345,2024-01-22T23:55:55Z,session
u0307,2024-01-23T00:12:24Z,session
u0100,2024-01-23T00:24:23Z,session
u0031,2024-01-23T01:09:25Z,session
u0015,2024-01-23T03:09:32Z,session
u0375,2024-01-23T03:33:57Z,session
u0135,2024-01-23T03:36:33Z,session
u0266,2024-01-23T04:27:45Z,session
u0178,2024-01-23T05:59:19Z,signup
u0332,2024-01-23T06:45:40Z,signup
u0005,2024-01-23T06:45:47Z,session
u0004,2024-01-23T08:22:54Z,signup
u0027,2024-01-23T08:32:53Z,session
u0257,2024-01-23T09:34:54Z,signup
u0241,2024-01-23T10:31:53Z,signup
u0386,2024-01-23T10:33:02Z,session
u0083,2024-01-23T10:55:56Z,session
u0335,2024-01-23T11:33:00Z,session
u0161,2024-01-23T12:58:09Z,session
u0063,2024-01-23T13:16:56Z,session
u0264,2024-01-23T14:23:44Z,session
u0307,2024-01-23T15:11:09Z,session
u0182,2024-01-23T15:46:21Z,session
u0158,2024-01-23T16:32:00Z,session
u0295,2024-01-23T16:49:28Z,session
u0186,2024-01-23T17:29:11Z,signup
u0005,2024-01-23T17:47:05Z,session
u0384,2024-01-23T18:06:47Z,session
u0330,2024-01-23T18:15:01Z,signup
u0352,2024-01-23T18:19:57Z,session
u0137,2024-01-23T19:34:55Z,signup
u0165,2024-01-23T20:48:57Z,session
u0296,2024-01-23T21:27:48Z,session
u0375,2024-01-23T22:42:19Z,session
u0214,2024-01-23T22:50:58Z,signup
u0252,2024-01-23T23:11:54Z,session
u0302,2024-01-23T23:20:33Z,signup
u0229,2024-01-23T23:52:00Z,signup
u0268,2024-01-24T00:02:34Z,session
u0264,2024-01-24T00:26:58Z,session
u0214,2024-01-24T01:14:03Z,session
u0384,2024-01-24T01:18:24Z,session
u0156,2024-01-24T02:25:21Z,session
u0103,2024-01-24T02:39:52Z,signup
u0135,2024-01-24T03:53:05Z,session
u0009,2024-01-24T04:13:35Z,session
u0297,2024-01-24T04:20:34Z,session
u0313,2024-01-24T05:13:14Z,signup
u0376,2024-01-24T05:59:22Z,signup
u0256,2024-01-24T06:26:37Z,session
u0131,2024-01-24T07:15:38Z,session
u0119,2024-01-24T07:16:13Z,session
u0335,2024-01-24T07:29:18Z,session
u0214,2024-01-24T07:33:21Z,session
u0009,2024-01-24T08:32:17Z,session
u0345,2024-01-24T09:24:25Z,session
u0137,2024-01-24T12:31:49Z,session
u0249,2024-01-24T13:34:12Z,session
u0097,2024-01-24T14:39:05Z,session
u0357,2024-01-24T15:29:29Z,session
u0304,2024-01-24T18:42:31Z,session
u0034,2024-01-24T20:05:26Z,session
u0034,2024-01-24T21:58:32Z,session
u0004,2024-01-24T23:24:07Z,session
u0127,2024-01-25T00:56:42Z,session
u0005,2024-01-25T04:56:57Z,session
u0229,2024-01-25T05:01:33Z,session
u0172,2024-01-25T05:11:51Z,session
u0165,2024-01-25T05:32:42Z,session
u0018,2024-01-25T06:45:18Z,signup
u0370,2024-01-25T09:12:46Z,session
u0295,2024-01-25T09:13:36Z,session
u0044,2024-01-25T11:09:18Z,signup
u0376,2024-01-25T13:12:49Z,session
u0136,2024-01-25T13:50:01Z,session
u0297,2024-01-25T14:02:51Z,session
u0044,2024-01-25T15:27:16Z,session
u0292,2024-01-25T17:04:08Z,session
u0178,2024-01-25T17:30:04Z,session
u0004,2024-01-25T17:54:30Z,session
u0115,2024-01-25T17:56:06Z,session
u0001,2024-01-25T18:51:44Z,session
u0384,2024-01-25T19:39:56Z,session
u0361,2024-01-25T19:55:12Z,session
u0137,2024-01-25T20:18:17Z,session
u0241,2024-01-25T22:51:30Z,session
u0136,2024-01-25T23:04:58Z,session
u0208,2024-01-25T23:59:19Z,signup
u0133,2024-01-26T00:11:43Z,session
u0210,2024-01-26T00:25:35Z,signup
u0357,2024-01-26T01:47:45Z,session
u0252,2024-01-26T02:21:06Z,session
u0345,2024-01-26T02:47:39Z,session
u0332,2024-01-26T03:08:52Z,session
u0266,2024-01-26T03:29:04Z,session
u0313,2024-01-26T03:47:44Z,session
u0092,2024-01-26T04:00:42Z,signup
u0115,2024-01-26T04:18:36Z,session
u0073,2024-01-26T04:44:58Z,signup
u0129,2024-01-26T04:58:46Z,signup
u0131,2024-01-26T05:18:17Z,session
u0262,2024-01-26T05:27:41Z,session
u0067,2024-01-26T05:34:24Z,session
u0308,2024-01-26T05:42:58Z,signup
u0292,2024-01-26T06:46:44Z,session
u0063,2024-01-26T06:58:28Z,session
u0221,2024-01-26T07:44:56Z,session
u0275,2024-01-26T08:35:24Z,session
u0389,2024-01-26T10:15:59Z,session
u0262,2024-01-26T11:48:12Z,session
u0292,2024-01-26T11:58:15Z,session
u0031,2024-01-26T14:46:08Z,session
u0301,2024-01-26T16:39:09Z,session
u0041,2024-01-26T21:23:03Z,signup
u0319,2024-01-26T21:24:56Z,session
u0123,2024-01-26T21:54:28Z,session
u0370,2024-01-26T22:39:55Z,session
u0339,2024-01-26T23:48:36Z,signup
u0244,2024-01-27T00:11:11Z,signup
u0177,2024-01-27T00:21:37Z,signup
u0183,2024-01-27T01:51:59Z,signup
u0177,2024-01-27T02:56:26Z,session
u0027,2024-01-27T04:36:38Z,session
u0237,2024-01-27T04:40:57Z,session
u0357,2024-01-27T04:50:42Z,session
u0160,2024-01-27T05:54:12Z,session
u0061,2024-01-27T07:05:58Z,session
u0358,2024-01-27T07:39:59Z,signup
u0018,2024-01-27T08:28:09Z,session
u0314,2024-01-27T09:05:21Z,session
u0386,2024-01-27T09:27:21Z,session
u0397,2024-01-27T10:49:40Z,session
u0250,2024-01-27T10:51:00Z,session
u0018,2024-01-27T11:11:57Z,session
u0100,2024-01-27T11:48:32Z,session
u0027,2024-01-27T12:37:48Z,session
u0000,2024-01-27T13:04:50Z,signup
u0044,2024-01-27T15:34:19Z,session
u0161,2024-01-27T16:06:55Z,session
u0130,2024-01-27T16:13:43Z,session
u0361,2024-01-27T18:40:27Z,session
u0315,2024-01-27T18:40:42Z,session
u0158,2024-01-27T18:45:20Z,session
u0380,2024-01-27T22:19:59Z,session
u0118,2024-01-27T22:22:44Z,signup
u0041,2024-01-27T23:51:31Z,session
u0249,2024-01-28T00:26:07Z,session
u0335,2024-01-28T00:57:04Z,session
u0061,2024-01-28T01:12:03Z,session
u0073,2024-01-28T01:29:54Z,session
u0250,2024-01-28T01:39:17Z,session
u0115,2024-01-28T02:06:30Z,session
u0029,2024-01-28T02:37:57Z,session
u0210,2024-01-28T03:56:00Z,session
u0041,2024-01-28T04:11:55Z,session
u0370,2024-01-28T06:50:12Z,session
u0036,2024-01-28T07:02:37Z,signup
u0034,2024-01-28T07:07:34Z,session
u0201,2024-01-28T07:38:19Z,signup
u0051,2024-01-28T08:55:28Z,session
u0052,2024-01-28T09:59:01Z,signup
u0182,2024-01-28T10:02:55Z,session
u0158,2024-01-28T10:33:38Z,session
u0151,2024-01-28T10:40:02Z,session
u0311,2024-01-28T11:38:25Z,session
u0252,2024-01-28T12:27:12Z,session
u0083,2024-01-28T13:03:23Z,session
u0130,2024-01-28T14:34:27Z,session
u0127,2024-01-28T15:21:54Z,session
u0368,2024-01-28T15:35:39Z,session
u0135,2024-01-28T15:40:51Z,session
u0275,2024-01-28T17:54:14Z,session
u0386,2024-01-28T18:50:05Z,session
u0133,2024-01-28T19:18:25Z,session
u0315,2024-01-28T20:23:15Z,session
u0262,2024-01-28T21:15:01Z,session
u0331,2024-01-28T21:48:02Z,signup
u0304,2024-01-28T21:52:54Z,session
u0331,2024-01-28T22:10:15Z,session
u0366,2024-01-28T22:13:59Z,session
u0136,2024-01-28T22:48:51Z,session
u0147,2024-01-28T23:19:04Z,signup
u0000,2024-01-28T23:59:59Z,session
u0052,2024-01-28T23:59:59Z,session
u0052,2024-01-28T23:59:59Z,session
u0118,2024-01-28T23:59:59Z,session
u0201,2024-01-28T23:59:59Z,session
u0244,2024-01-28T23:59:59Z,session
u0308,2024-01-28T23:59:59Z,session
u0331,2024-01-28T23:59:59Z,session
u0358,2024-01-28T23:59:59Z,session
u0183,2024-01-29T00:02:42Z,session
u0045,2024-01-29T00:43:01Z,signup
u0331,2024-01-29T00:53:13Z,session
u0313,2024-01-29T01:20:40Z,session
u0097,2024-01-29T01:45:06Z,session
u0099,2024-01-29T02:26:29Z,session
u0206,2024-01-29T03:02:52Z,session
u0140,2024-01-29T04:22:24Z,session
u0201,2024-01-29T07:23:50Z,session
u0370,2024-01-29T07:27:43Z,session
u0375,2024-01-29T09:09:10Z,session
u0173,2024-01-29T09:13:35Z,session
u0003,2024-01-29T09:37:10Z,session
u0328,2024-01-29T10:01:12Z,session
u0147,2024-01-29T10:48:56Z,session
u0291,2024-01-29T11:59:56Z,signup
u0256,2024-01-29T13:06:27Z,session
u0369,2024-01-29T13:40:56Z,signup
u0335,2024-01-29T13:41:59Z,session
u0347,2024-01-29T13:47:17Z,session
u0313,2024-01-29T14:02:08Z,session
u0152,2024-01-29T15:33:14Z,session
u0047,2024-01-29T16:33:18Z,signup
u0068,2024-01-29T17:06:30Z,session
u0137,2024-01-29T17:30:34Z,session
u0249,2024-01-29T18:33:06Z,session
u0115,2024-01-29T19:38:18Z,session
u0301,2024-01-29T20:37:20Z,session
u0174,2024-01-29T20:57:54Z,signup
u0088,2024-01-29T22:19:57Z,signup
u0208,2024-01-29T22:56:02Z,session
u0134,2024-01-30T01:16:48Z,signup
u0031,2024-01-30T02:12:07Z,session
u0309,2024-01-30T02:55:40Z,session
u0073,2024-01-30T02:57:55Z,session
u0158,2024-01-30T03:29:42Z,session
u0183,2024-01-30T03:56:52Z,session
u0068,2024-01-30T03:58:32Z,session
u0321,2024-01-30T04:12:50Z,session
u0223,2024-01-30T05:36:29Z,session
u0360,2024-01-30T08:24:24Z,signup
u0218,2024-01-30T08:37:44Z,signup
u0183,2024-01-30T08:37:58Z,session
u0370,2024-01-30T09:40:55Z,session
u0214,2024-01-30T10:02:48Z,session
u0366,2024-01-30T11:11:26Z,session
u0103,2024-01-30T13:16:47Z,session
u0103,2024-01-30T14:17:04Z,session
u0067,2024-01-30T14:31:01Z,session
u0147,2024-01-30T15:07:51Z,session
u0000,2024-01-30T15:37:34Z,session
u0118,2024-01-30T16:40:20Z,session
u0130,2024-01-30T16:56:05Z,session
u0321,2024-01-30T18:33:11Z,session
u0158,2024-01-30T19:17:47Z,session
u0256,2024-01-30T19:25:51Z,session
u0018,2024-01-30T23:42:31Z,session
u0160,2024-01-31T00:27:56Z,session
u0229,2024-01-31T00:57:17Z,session
u0001,2024-01-31T01:28:55Z,session
u0371,2024-01-31T03:08:58Z,signup
u0366,2024-01-31T03:22:52Z,session
u0331,2024-01-31T04:44:41Z,session
u0165,2024-01-31T06:26:33Z,session
u0061,2024-01-31T07:35:29Z,session
u0276,2024-01-31T07:53:55Z,signup
u0214,2024-01-31T08:39:32Z,session
u0291,2024-01-31T09:37:36Z,session
u0201,2024-01-31T09:43:05Z,session
u0376,2024-01-31T09:46:28Z,session
u0058,2024-01-31T10:01:19Z,session
u0097,2024-01-31T10:34:09Z,session
u0292,2024-01-31T11:33:41Z,session
u0201,2024-01-31T11:40:10Z,session
u0297,2024-01-31T12:29:32Z,session
u0339,2024-01-31T13:17:28Z,session
u0018,2024-01-31T14:19:09Z,session
u0388,2024-01-31T16:11:38Z,signup
u0140,2024-01-31T17:06:14Z,session
u0151,2024-01-31T17:38:16Z,session
u0064,2024-01-31T18:09:22Z,session
u0177,2024-01-31T18:53:59Z,session
u0041,2024-01-31T22:43:53Z,session
u0000,2024-01-31T23:59:19Z,session
u0347,2024-02-01T03:06:58Z,session
u0075,2024-02-01T03:44:36Z,session
u0397,2024-02-01T04:22:22Z,session
u0177,2024-02-01T05:23:34Z,session
u0218,2024-02-01T05:41:35Z,session
u0371,2024-02-01T05:59:07Z,session
u0241,2024-02-01T06:03:42Z,session
u0266,2024-02-01T06:16:09Z,session
u0083,2024-02-01T06:17:47Z,session
u0306,2024-02-01T07:19:48Z,session
u0321,2024-02-01T08:54:30Z,session
u0208,2024-02-01T09:49:57Z,session
u0003,2024-02-01T09:50:54Z,session
u0048,2024-02-01T09:54:02Z,signup
u0112,2024-02-01T09:54:44Z,session
u0047,2024-02-01T10:09:48Z,session
u0324,2024-02-01T10:56:49Z,signup
u0150,2024-02-01T11:12:24Z,session
u0061,2024-02-01T11:34:57Z,session
u0041,2024-02-01T12:04:41Z,session
u0204,2024-02-01T12:25:21Z,session
u0210,2024-02-01T13:26:52Z,session
u0179,2024-02-01T13:53:45Z,signup
u0137,2024-02-01T14:04:43Z,session
u0018,2024-02-01T15:00:50Z,session
u0357,2024-02-01T15:21:42Z,session
u0079,2024-02-01T15:23:50Z,signup
u0000,2024-02-01T16:06:29Z,session
u0214,2024-02-01T16:17:30Z,session
u0088,2024-02-01T17:27:55Z,session
u0079,2024-02-01T19:49:23Z,session
u0122,2024-02-01T20:11:34Z,signup
u0388,2024-02-01T20:23:13Z,session
u0048,2024-02-01T20:57:35Z,session
u0089,2024-02-01T22:19:36Z,signup
u0247,2024-02-01T22:24:13Z,signup
u0319,2024-02-02T00:03:10Z,session
u0339,2024-02-02T01:12:06Z,session
u0001,2024-02-02T01:25:43Z,session
u0309,2024-02-02T02:16:40Z,session
u0397,2024-02-02T02:37:24Z,session
u0323,2024-02-02T03:13:58Z,signup
u0089,2024-02-02T03:14:21Z,session
u0211,2024-02-02T03:17:55Z,session
u0255,2024-02-02T03:42:02Z,signup
u0348,2024-02-02T04:00:47Z,signup
u0247,2024-02-02T04:21:58Z,session
u0210,2024-02-02T04:52:30Z,session
u0249,2024-02-02T05:31:15Z,session
u0357,2024-02-02T05:41:32Z,session
u0169,2024-02-02T06:13:06Z,session
u0073,2024-02-02T07:36:47Z,session
u0241,2024-02-02T09:10:29Z,session
u0358,2024-02-02T09:25:53Z,session
u0232,2024-02-02T09:36:13Z,signup
u0075,2024-02-02T12:05:00Z,session
u0130,2024-02-02T12:23:58Z,session
u0186,2024-02-02T12:38:12Z,session
u0101,2024-02-02T12:55:32Z,signup
u0115,2024-02-02T14:34:29Z,session
u0099,2024-02-02T14:38:06Z,session
u0210,2024-02-02T14:49:07Z,session
u0306,2024-02-02T15:15:22Z,session
u0297,2024-02-02T16:03:32Z,session
u0152,2024-02-02T16:10:47Z,session
u0372,2024-02-02T19:47:18Z,signup
u0079,2024-02-02T19:55:59Z,session
u0375,2024-02-02T21:27:12Z,session
u0339,2024-02-02T21:57:18Z,session
u0332,2024-02-02T22:12:13Z,session
u0052,2024-02-02T23:22:28Z,session
u0393,2024-02-02T23:26:35Z,signup
u0391,2024-02-03T00:16:31Z,signup
u0241,2024-02-03T00:17:09Z,session
u0305,2024-02-03T01:46:22Z,session
u0227,2024-02-03T01:58:58Z,signup
u0130,2024-02-03T02:20:26Z,session
u0173,2024-02-03T03:01:53Z,session
u0227,2024-02-03T03:25:36Z,session
u0151,2024-02-03T05:02:42Z,session
u0206,2024-02-03T05:48:43Z,session
u0178,2024-02-03T07:07:46Z,session
u0029,2024-02-03T07:34:03Z,session
u0007,2024-02-03T07:46:02Z,signup
u0204,2024-02-03T07:59:39Z,session
u0208,2024-02-03T08:24:53Z,session
u0129,2024-02-03T08:39:54Z,session
u0267,2024-02-03T09:09:24Z,signup
u0377,2024-02-03T09:45:26Z,signup
u0179,2024-02-03T10:18:25Z,session
u0324,2024-02-03T10:32:51Z,session
u0053,2024-02-03T11:14:15Z,session
u0068,2024-02-03T11:19:38Z,session
u0058,2024-02-03T11:21:49Z,session
u0223,2024-02-03T11:31:32Z,session
u0270,2024-02-03T11:43:09Z,session
u0397,2024-02-03T14:01:50Z,session
u0140,2024-02-03T14:19:31Z,session
u0247,2024-02-03T14:27:18Z,session
u0203,2024-02-03T14:29:59Z,signup
u0358,2024-02-03T14:58:31Z,session
u0269,2024-02-03T15:07:38Z,signup
u0147,2024-02-03T15:20:34Z,session
u0292,2024-02-03T16:39:47Z,session
u0327,2024-02-03T16:44:12Z,signup
u0244,2024-02-03T17:07:25Z,session
u0115,2024-02-03T17:12:42Z,session
u0317,2024-02-03T18:23:12Z,session
u0007,2024-02-03T19:37:32Z,session
u0137,2024-02-03T20:14:42Z,session
u0226,2024-02-03T20:25:40Z,session
u0292,2024-02-03T20:29:10Z,session
u0328,2024-02-03T21:20:47Z,session
u0266,2024-02-03T22:50:16Z,session
u0133,2024-02-04T00:07:58Z,session
u0372,2024-02-04T00:45:53Z,session
u0061,2024-02-04T01:45:54Z,session
u0203,2024-02-04T01:59:14Z,session
u0256,2024-02-04T03:20:40Z,session
u0100,2024-02-04T06:04:47Z,session
u0119,2024-02-04T06:27:08Z,session
u0151,2024-02-04T06:31:38Z,session
u0108,2024-02-04T09:11:16Z,signup
u0342,2024-02-04T09:28:47Z,signup
u0381,2024-02-04T10:10:56Z,signup
u0118,2024-02-04T13:23:04Z,session
u0373,2024-02-04T13:32:36Z,signup
u0345,2024-02-04T13:37:11Z,session
u0377,2024-02-04T13:39:07Z,session
u0173,2024-02-04T15:11:10Z,session
u0381,2024-02-04T15:15:00Z,session
u0112,2024-02-04T16:03:37Z,session
u0150,2024-02-04T16:58:58Z,session
u0358,2024-02-04T17:02:46Z,session
u0169,2024-02-04T18:01:18Z,session
u0064,2024-02-04T18:18:15Z,session
u0244,2024-02-04T18:34:12Z,session
u0232,2024-02-04T18:48:43Z,session
u0194,2024-02-04T20:15:34Z,signup
u0297,2024-02-04T21:05:20Z,session
u0097,2024-02-04T21:18:59Z,session
u0108,2024-02-04T21:40:34Z,session
u0099,2024-02-04T23:12:28Z,session
u0396,2024-02-04T23:29:42Z,signup
u0007,2024-02-04T23:59:59Z,session
u0194,2024-02-04T23:59:59Z,session
u0203,2024-02-04T23:59:59Z,session
u0227,2024-02-04T23:59:59Z,session
u0232,2024-02-04T23:59:59Z,session
u0269,2024-02-04T23:59:59Z,session
u0269,2024-02-04T23:59:59Z,session
u0381,2024-02-04T23:59:59Z,session
u0393,2024-02-04T23:59:59Z,session
u0396,2024-02-04T23:59:59Z,session
u0396,2024-02-04T23:59:59Z,session
u0204,2024-02-05T00:45:11Z,session
u0311,2024-02-05T01:32:40Z,session
u0079,2024-02-05T02:40:46Z,session
u0088,2024-02-05T03:16:17Z,session
u0059,2024-02-05T03:39:37Z,signup
u0156,2024-02-05T03:41:20Z,session
u0289,2024-02-05T04:00:35Z,session
u0289,2024-02-05T04:19:15Z,session
u0398,2024-02-05T07:22:28Z,signup
u0086,2024-02-05T07:53:13Z,signup
u0398,2024-02-05T08:39:56Z,session
u0002,2024-02-05T09:09:58Z,signup
u0174,2024-02-05T09:36:15Z,session
u0347,2024-02-05T10:31:55Z,session
u0231,2024-02-05T11:14:19Z,session
u0167,2024-02-05T11:51:52Z,signup
u0377,2024-02-05T13:03:17Z,session
u0127,2024-02-05T13:38:46Z,session
u0208,2024-02-05T15:23:53Z,session
u0218,2024-02-05T16:19:23Z,session
u0059,2024-02-05T16:25:48Z,session
u0092,2024-02-05T17:39:31Z,session
u0197,2024-02-05T17:53:32Z,signup
u0071,2024-02-05T18:43:32Z,session
u0311,2024-02-05T20:35:12Z,session
u0156,2024-02-05T22:22:24Z,session
u0036,2024-02-05T22:44:09Z,session
u0346,2024-02-05T23:23:41Z,session
u0089,2024-02-06T00:17:03Z,session
u0346,2024-02-06T00:20:01Z,session
u0095,2024-02-06T01:30:14Z,signup
u0377,2024-02-06T02:17:50Z,session
u0350,2024-02-06T03:19:09Z,signup
u0103,2024-02-06T03:43:07Z,session
u0108,2024-02-06T04:42:16Z,session
u0397,2024-02-06T04:46:12Z,session
u0333,2024-02-06T07:22:55Z,session
u0250,2024-02-06T07:37:01Z,session
u0002,2024-02-06T08:04:53Z,session
u0370,2024-02-06T08:33:46Z,session
u0203,2024-02-06T11:25:48Z,session
u0025,2024-02-06T13:23:39Z,signup
u0356,2024-02-06T13:34:12Z,signup
u0275,2024-02-06T13:44:07Z,session
u0388,2024-02-06T13:51:32Z,session
u0179,2024-02-06T14:19:20Z,session
u0360,2024-02-06T14:20:11Z,session
u0360,2024-02-06T14:41:23Z,session
u0135,2024-02-06T15:16:18Z,session
u0360,2024-02-06T17:28:30Z,session
u0095,2024-02-06T17:55:10Z,session
u0368,2024-02-06T17:57:43Z,session
u0370,2024-02-06T19:05:38Z,session
u0136,2024-02-06T19:08:57Z,session
u0338,2024-02-06T19:12:09Z,signup
u0388,2024-02-06T19:44:11Z,session
u0127,2024-02-06T20:20:24Z,session
u0296,2024-02-06T20:54:06Z,session
u0290,2024-02-06T21:57:58Z,signup
u0123,2024-02-06T22:04:42Z,session
u0388,2024-02-06T22:40:57Z,session
u0323,2024-02-06T22:41:33Z,session
u0001,2024-02-06T22:56:20Z,session
u0030,2024-02-07T00:37:15Z,session
u0359,2024-02-07T01:08:19Z,session
u0086,2024-02-07T02:16:10Z,session
u0376,2024-02-07T02:16:19Z,session
u0255,2024-02-07T02:17:47Z,session
u0308,2024-02-07T03:11:24Z,session
u0218,2024-02-07T03:14:57Z,session
u0397,2024-02-07T04:11:16Z,session
u0175,2024-02-07T04:49:26Z,signup
u0255,2024-02-07T07:16:29Z,session
u0021,2024-02-07T07:29:35Z,signup
u0175,2024-02-07T07:51:30Z,session
u0120,2024-02-07T08:02:40Z,session
u0283,2024-02-07T08:33:13Z,signup
u0003,2024-02-07T09:53:08Z,session
u0183,2024-02-07T09:56:11Z,session
u0247,2024-02-07T09:57:54Z,session
u0168,2024-02-07T10:56:17Z,session
u0281,2024-02-07T11:19:50Z,signup
u0285,2024-02-07T11:39:12Z,session
u0197,2024-02-07T11:58:08Z,session
u0396,2024-02-07T12:48:05Z,session
u0052,2024-02-07T12:51:27Z,session
u0002,2024-02-07T14:44:38Z,session
u0136,2024-02-07T14:58:20Z,session
u0226,2024-02-07T15:47:01Z,session
u0347,2024-02-07T15:57:04Z,session
u0048,2024-02-07T16:24:15Z,session
u0156,2024-02-07T17:42:03Z,session
u0197,2024-02-07T19:29:39Z,session
u0036,2024-02-07T20:00:50Z,session
u0079,2024-02-07T20:12:34Z,session
u0267,2024-02-07T21:28:44Z,session
u0133,2024-02-07T21:34:23Z,session
u0326,2024-02-07T22:38:49Z,signup
u0059,2024-02-07T23:28:15Z,session
u0382,2024-02-07T23:33:48Z,signup
u0195,2024-02-08T00:00:19Z,signup
u0309,2024-02-08T01:00:36Z,session
u0203,2024-02-08T01:59:20Z,session
u0312,2024-02-08T02:26:58Z,signup
u0237,2024-02-08T02:32:01Z,session
u0120,2024-02-08T04:33:15Z,session
u0021,2024-02-08T05:01:24Z,session
u0204,2024-02-08T05:34:00Z,session
u0017,2024-02-08T06:52:39Z,signup
u0295,2024-02-08T07:04:19Z,session
u0133,2024-02-08T07:07:33Z,session
u0089,2024-02-08T07:27:21Z,session
u0016,2024-02-08T09:54:35Z,signup
u0192,2024-02-08T10:58:40Z,signup
u0267,2024-02-08T11:10:17Z,session
u0350,2024-02-08T12:10:57Z,session
u0212,2024-02-08T13:08:10Z,signup
u0219,2024-02-08T14:03:28Z,signup
u0218,2024-02-08T14:07:51Z,session
u0016,2024-02-08T14:50:15Z,session
u0052,2024-02-08T15:14:29Z,session
u0112,2024-02-08T15:28:13Z,session
u0212,2024-02-08T16:33:27Z,session
u0103,2024-02-08T16:57:36Z,session
u0296,2024-02-08T18:10:15Z,session
u0009,2024-02-08T18:25:52Z,session
u0397,2024-02-08T18:42:43Z,session
u0264,2024-02-08T19:02:24Z,session
u0008,2024-02-08T19:09:15Z,signup
u0340,2024-02-08T19:48:40Z,session
u0247,2024-02-08T20:44:04Z,session
u0251,2024-02-08T20:58:40Z,signup
u0381,2024-02-08T21:39:32Z,session
u0095,2024-02-09T01:25:31Z,session
u0178,2024-02-09T02:24:14Z,session
u0120,2024-02-09T02:41:52Z,session
u0396,2024-02-09T03:01:23Z,session
u0203,2024-02-09T03:02:24Z,session
u0309,2024-02-09T04:18:45Z,session
u0391,2024-02-09T05:12:47Z,session
u0006,2024-02-09T05:24:55Z,signup
u0393,2024-02-09T05:59:10Z,session
u0370,2024-02-09T06:14:46Z,session
u0000,2024-02-09T06:33:01Z,session
u0122,2024-02-09T08:07:33Z,session
u0358,2024-02-09T08:21:40Z,session
u0133,2024-02-09T08:21:55Z,session
u0166,2024-02-09T08:28:14Z,signup
u0003,2024-02-09T08:52:36Z,session
u0166,2024-02-09T09:51:22Z,session
u0129,2024-02-09T10:09:49Z,session
u0369,2024-02-09T11:32:30Z,session
u0188,2024-02-09T13:06:46Z,signup
u0208,2024-02-09T13:21:26Z,session
u0210,2024-02-09T14:25:39Z,session
u0088,2024-02-09T16:00:49Z,session
u0244,2024-02-09T16:34:11Z,session
u0166,2024-02-09T16:39:18Z,session
u0016,2024-02-09T16:59:20Z,session
u0267,2024-02-09T17:05:55Z,session
u0251,2024-02-09T17:38:05Z,session
u0207,2024-02-09T17:45:31Z,signup
u0006,2024-02-09T18:24:24Z,session
u0295,2024-02-09T18:41:54Z,session
u0021,2024-02-09T19:32:49Z,session
u0391,2024-02-09T23:12:29Z,session
u0396,2024-02-09T23:55:11Z,session
u0092,2024-02-09T23:55:40Z,session
u0192,2024-02-10T00:22:22Z,session
u0127,2024-02-10T00:58:51Z,session
u0308,2024-02-10T01:54:41Z,session
u0363,2024-02-10T02:33:56Z,signup
u0376,2024-02-10T02:48:36Z,session
u0333,2024-02-10T03:03:22Z,session
u0135,2024-02-10T03:33:29Z,session
u0036,2024-02-10T04:30:22Z,session
u0009,2024-02-10T04:55:35Z,session
u0152,2024-02-10T06:14:52Z,session
u0255,2024-02-10T06:34:15Z,session
u0382,2024-02-10T07:04:06Z,session
u0308,2024-02-10T07:10:16Z,session
u0363,2024-02-10T07:22:37Z,session
u0243,2024-02-10T07:39:11Z,session
u0381,2024-02-10T07:50:46Z,session
u0030,2024-02-10T08:13:14Z,session
u0223,2024-02-10T10:20:35Z,session
u0153,2024-02-10T10:55:09Z,signup
u0341,2024-02-10T11:33:02Z,signup
u0079,2024-02-10T12:28:41Z,session
u0275,2024-02-10T12:41:24Z,session
u0210,2024-02-10T13:16:15Z,session
u0135,2024-02-10T14:18:20Z,session
u0080,2024-02-10T14:24:08Z,signup
u0153,2024-02-10T17:00:38Z,session
u0174,2024-02-10T17:35:11Z,session
u0346,2024-02-10T17:46:52Z,session
u0326,2024-02-10T18:12:02Z,session
u0045,2024-02-10T18:36:50Z,session
u0046,2024-02-10T18:44:05Z,signup
u0289,2024-02-10T19:07:44Z,session
u0114,2024-02-10T20:34:43Z,signup
u0003,2024-02-10T20:44:28Z,session
u0045,2024-02-10T21:28:59Z,session
u0231,2024-02-10T21:50:21Z,session
u0250,2024-02-10T22:58:42Z,session
u0214,2024-02-10T23:18:23Z,session
u0030,2024-02-11T00:55:31Z,session
u0052,2024-02-11T03:23:33Z,session
u0075,2024-02-11T03:51:48Z,session
u0275,2024-02-11T04:21:08Z,session
u0341,2024-02-11T05:13:48Z,session
u0092,2024-02-11T05:26:24Z,session
u0223,2024-02-11T09:05:14Z,session
u0129,2024-02-11T11:03:21Z,session
u0381,2024-02-11T12:24:08Z,session
u0041,2024-02-11T12:50:05Z,session
u0124,2024-02-11T14:53:44Z,signup
u0223,2024-02-11T16:14:56Z,session
u0285,2024-02-11T16:26:37Z,session
u0128,2024-02-11T16:38:40Z,session
u0247,2024-02-11T17:46:26Z,session
u0363,2024-02-11T18:34:46Z,session
u0393,2024-02-11T18:38:28Z,session
u0208,2024-02-11T18:54:44Z,session
u0000,2024-02-11T19:03:31Z,session
u0341,2024-02-11T19:19:02Z,session
u0041,2024-02-11T19:57:37Z,session
u0132,2024-02-11T20:28:35Z,signup
u0114,2024-02-11T21:15:54Z,session
u0188,2024-02-11T21:26:06Z,session
u0080,2024-02-11T22:14:50Z,session
u0103,2024-02-11T22:43:00Z,session
u0001,2024-02-11T23:39:12Z,session
u0124,2024-02-11T23:59:59Z,session
u0153,2024-02-11T23:59:59Z,session
u0252,2024-02-12T00:19:24Z,session
u0179,2024-02-12T00:49:33Z,session
u0208,2024-02-12T01:21:23Z,session
u0057,2024-02-12T02:50:56Z,session
u0172,2024-02-12T03:49:32Z,session
u0339,2024-02-12T06:21:41Z,session
u0120,2024-02-12T07:11:31Z,session
u0271,2024-02-12T09:55:59Z,session
u0307,2024-02-12T10:41:57Z,session
u0340,2024-02-12T11:13:04Z,session
u0392,2024-02-12T12:09:41Z,signup
u0140,2024-02-12T13:27:09Z,session
u0344,2024-02-12T13:52:43Z,session
u0360,2024-02-12T15:15:57Z,session
u0356,2024-02-12T17:14:19Z,session
u0362,2024-02-12T17:29:41Z,signup
u0141,2024-02-12T18:23:27Z,signup
u0152,2024-02-12T18:35:14Z,session
u0132,2024-02-12T18:42:23Z,session
u0103,2024-02-12T18:49:15Z,session
u0255,2024-02-12T18:59:54Z,session
u0247,2024-02-12T19:05:57Z,session
u0283,2024-02-12T19:12:17Z,session
u0360,2024-02-12T20:30:07Z,session
u0260,2024-02-12T21:18:04Z,session
u0187,2024-02-12T21:39:01Z,signup
u0203,2024-02-12T21:47:32Z,session
u0227,2024-02-12T22:01:55Z,session
u0002,2024-02-12T22:20:30Z,session
u0385,2024-02-12T22:26:54Z,signup
u0175,2024-02-12T22:34:45Z,session
u0156,2024-02-12T22:56:24Z,session
u0120,2024-02-13T00:16:44Z,session
u0314,2024-02-13T00:49:36Z,session
u0290,2024-02-13T00:53:59Z,session
u0054,2024-02-13T02:39:47Z,signup
u0084,2024-02-13T03:04:19Z,signup
u0188,2024-02-13T03:19:24Z,session
u0048,2024-02-13T04:26:49Z,session
u0342,2024-02-13T04:29:51Z,session
u0056,2024-02-13T04:41:19Z,session
u0325,2024-02-13T04:57:09Z,signup
u0089,2024-02-13T05:04:09Z,session
u0292,2024-02-13T06:48:37Z,session
u0080,2024-02-13T06:51:21Z,session
u0351,2024-02-13T07:26:19Z,signup
u0344,2024-02-13T08:16:22Z,session
u0096,2024-02-13T08:36:51Z,session
u0344,2024-02-13T09:04:04Z,session
u0179,2024-02-13T09:40:27Z,session
u0049,2024-02-13T10:18:25Z,signup
u0341,2024-02-13T10:52:06Z,session
u0219,2024-02-13T12:25:16Z,session
u0262,2024-02-13T13:53:44Z,session
u0172,2024-02-13T14:07:54Z,session
u0119,2024-02-13T14:20:27Z,session
u0160,2024-02-13T14:33:05Z,session
u0150,2024-02-13T14:41:40Z,session
u0084,2024-02-13T15:27:55Z,session
u0007,2024-02-13T16:36:45Z,session
u0021,2024-02-13T17:03:43Z,session
u0208,2024-02-13T17:08:41Z,session
u0302,2024-02-13T17:43:21Z,session
u0341,2024-02-13T19:07:02Z,session
u0247,2024-02-13T19:48:04Z,session
u0354,2024-02-13T19:59:44Z,signup
u0313,2024-02-13T20:44:43Z,session
u0162,2024-02-13T21:14:54Z,signup
u0224,2024-02-13T22:18:22Z,signup
u0224,2024-02-13T23:37:00Z,session
u0303,2024-02-13T23:50:24Z,session
u0347,2024-02-14T00:17:59Z,session
u0132,2024-02-14T01:43:44Z,session
u0005,2024-02-14T02:05:29Z,session
u0075,2024-02-14T02:53:38Z,session
u0313,2024-02-14T04:48:36Z,session
u0362,2024-02-14T06:47:49Z,session
u0212,2024-02-14T07:20:26Z,session
u0308,2024-02-14T08:20:17Z,session
u0057,2024-02-14T08:52:25Z,session
u0393,2024-02-14T09:50:13Z,session
u0340,2024-02-14T10:58:51Z,session
u0198,2024-02-14T11:16:16Z,signup
u0090,2024-02-14T12:13:57Z,signup
u0347,2024-02-14T13:26:56Z,session
u0141,2024-02-14T13:46:06Z,session
u0283,2024-02-14T14:24:33Z,session
u0217,2024-02-14T14:24:55Z,signup
u0264,2024-02-14T14:30:48Z,session
u0096,2024-02-14T15:37:25Z,session
u0119,2024-02-14T16:18:14Z,session
u0217,2024-02-14T17:02:05Z,session
u0191,2024-02-14T17:02:53Z,signup
u0283,2024-02-14T17:04:59Z,session
u0351,2024-02-14T17:33:23Z,session
u0196,2024-02-14T18:22:18Z,signup
u0006,2024-02-14T18:47:34Z,session
u0191,2024-02-14T19:32:07Z,session
u0005,2024-02-14T19:38:40Z,session
u0345,2024-02-14T20:48:28Z,session
u0175,2024-02-14T21:19:34Z,session
u0155,2024-02-14T21:50:36Z,signup
u0389,2024-02-14T21:55:10Z,session
u0217,2024-02-14T22:35:26Z,session
u0382,2024-02-14T22:41:21Z,session
u0362,2024-02-14T22:53:13Z,session
u0053,2024-02-14T23:11:46Z,session
u0296,2024-02-14T23:21:44Z,session
u0216,2024-02-14T23:23:01Z,signup
u0002,2024-02-14T23:54:52Z,session
u0094,2024-02-15T00:03:28Z,signup
u0084,2024-02-15T00:04:26Z,session
u0243,2024-02-15T00:10:21Z,session
u0331,2024-02-15T01:41:46Z,session
u0130,2024-02-15T02:28:05Z,session
u0017,2024-02-15T03:57:31Z,session
u0155,2024-02-15T03:58:51Z,session
u0188,2024-02-15T05:04:25Z,session
u0046,2024-02-15T06:07:10Z,session
u0310,2024-02-15T06:42:49Z,signup
u0385,2024-02-15T07:12:21Z,session
u0172,2024-02-15T07:21:28Z,session
u0351,2024-02-15T09:13:09Z,session
u0363,2024-02-15T09:56:36Z,session
u0051,2024-02-15T10:18:59Z,session
u0059,2024-02-15T10:25:43Z,session
u0232,2024-02-15T10:40:47Z,session
u0022,2024-02-15T11:05:27Z,signup
u0369,2024-02-15T11:35:17Z,session
u0292,2024-02-15T11:37:07Z,session
u0203,2024-02-15T11:37:57Z,session
u0368,2024-02-15T11:49:14Z,session
u0007,2024-02-15T13:48:27Z,session
u0022,2024-02-15T14:26:45Z,session
u0374,2024-02-15T14:27:27Z,signup
u0089,2024-02-15T15:27:40Z,session
u0192,2024-02-15T15:58:03Z,session
u0202,2024-02-15T15:59:05Z,signup
u0150,2024-02-15T16:17:32Z,session
u0130,2024-02-15T17:02:41Z,session
u0339,2024-02-15T17:03:59Z,session
u0059,2024-02-15T17:31:22Z,session
u0076,2024-02-15T17:41:49Z,signup
u0287,2024-02-15T17:56:55Z,signup
u0202,2024-02-15T19:32:10Z,session
u0169,2024-02-15T21:04:09Z,session
u0299,2024-02-15T21:25:46Z,signup
u0179,2024-02-15T21:28:46Z,session
u0118,2024-02-15T21:54:35Z,session
u0265,2024-02-15T21:57:16Z,signup
u0363,2024-02-15T22:23:44Z,session
u0156,2024-02-15T22:42:11Z,session
u0130,2024-02-15T22:42:19Z,session
u0216,2024-02-15T23:54:23Z,session
u0307,2024-02-15T23:59:42Z,session
u0310,2024-02-16T00:05:34Z,session
u0389,2024-02-16T04:43:55Z,session
u0289,2024-02-16T04:58:40Z,session
u0313,2024-02-16T06:17:02Z,session
u0368,2024-02-16T08:01:43Z,session
u0202,2024-02-16T08:22:46Z,session
u0276,2024-02-16T08:22:46Z,session
u0038,2024-02-16T08:37:50Z,signup
u0197,2024-02-16T08:41:05Z,session
u0234,2024-02-16T09:33:11Z,session
u0046,2024-02-16T11:00:05Z,session
u0243,2024-02-16T11:16:44Z,session
u0219,2024-02-16T11:36:38Z,session
u0092,2024-02-16T11:36:40Z,session
u0262,2024-02-16T12:41:18Z,session
u0371,2024-02-16T13:13:46Z,session
u0255,2024-02-16T15:12:24Z,session
u0341,2024-02-16T15:49:14Z,session
u0271,2024-02-16T16:54:16Z,session
u0207,2024-02-16T18:15:34Z,session
u0160,2024-02-16T18:52:54Z,session
u0191,2024-02-16T18:56:18Z,session
u0213,2024-02-16T19:43:47Z,signup
u0008,2024-02-16T19:44:50Z,session
u0048,2024-02-16T19:59:35Z,session
u0216,2024-02-16T20:18:03Z,session
u0118,2024-02-16T20:39:13Z,session
u0382,2024-02-16T21:25:43Z,session
u0155,2024-02-16T22:16:16Z,session
u0021,2024-02-16T23:16:49Z,session
u0080,2024-02-17T00:04:50Z,session
u0140,2024-02-17T01:28:04Z,session
u0080,2024-02-17T01:33:04Z,session
u0100,2024-02-17T01:48:05Z,session
u0197,2024-02-17T02:07:51Z,session
u0378,2024-02-17T02:31:45Z,signup
u0169,2024-02-17T02:54:27Z,session
u0276,2024-02-17T03:09:18Z,session
u0065,2024-02-17T03:33:33Z,session
u0161,2024-02-17T04:11:49Z,session
u0095,2024-02-17T04:14:14Z,session
u0338,2024-02-17T04:43:41Z,session
u0252,2024-02-17T04:49:50Z,session
u0382,2024-02-17T04:50:20Z,session
u0012,2024-02-17T04:50:47Z,signup
u0296,2024-02-17T06:57:36Z,session
u0378,2024-02-17T08:21:49Z,session
u0140,2024-02-17T10:10:41Z,session
u0340,2024-02-17T10:28:18Z,session
u0136,2024-02-17T10:48:56Z,session
u0299,2024-02-17T10:49:30Z,session
u0022,2024-02-17T11:36:44Z,session
u0079,2024-02-17T12:18:53Z,session
u0373,2024-02-17T12:21:04Z,session
u0310,2024-02-17T12:53:12Z,session
u0196,2024-02-17T13:08:05Z,session
u0118,2024-02-17T14:07:01Z,session
u0089,2024-02-17T14:41:44Z,session
u0262,2024-02-17T15:25:09Z,session
u0012,2024-02-17T15:25:18Z,session
u0285,2024-02-17T15:26:34Z,session
u0152,2024-02-17T15:52:17Z,session
u0247,2024-02-17T16:54:06Z,session
u0076,2024-02-17T17:32:58Z,session
u0387,2024-02-17T17:56:11Z,signup
u0006,2024-02-17T18:56:29Z,session
u0373,2024-02-17T19:01:11Z,session
u0290,2024-02-17T20:03:13Z,session
u0160,2024-02-17T21:23:55Z,session
u0156,2024-02-17T22:27:20Z,session
u0299,2024-02-17T22:37:22Z,session
u0046,2024-02-17T23:02:18Z,session
u0167,2024-02-17T23:35:27Z,session
u0113,2024-02-18T00:20:25Z,signup
u0002,2024-02-18T02:44:44Z,session
u0120,2024-02-18T04:02:56Z,session
u0103,2024-02-18T05:25:11Z,session
u0255,2024-02-18T06:12:02Z,session
u0292,2024-02-18T06:29:48Z,session
u0360,2024-02-18T07:28:01Z,session
u0234,2024-02-18T07:32:46Z,session
u0287,2024-02-18T07:46:04Z,session
u0192,2024-02-18T08:40:32Z,session
u0012,2024-02-18T09:14:36Z,session
u0276,2024-02-18T09:51:38Z,session
u0181,2024-02-18T10:23:33Z,signup
u0285,2024-02-18T10:47:59Z,session
u0017,2024-02-18T11:41:17Z,session
u0243,2024-02-18T12:47:24Z,session
u0139,2024-02-18T13:22:23Z,signup
u0087,2024-02-18T13:47:38Z,signup
u0116,2024-02-18T15:14:46Z,signup
u0059,2024-02-18T15:21:33Z,session
u0213,2024-02-18T15:39:53Z,session
u0096,2024-02-18T18:48:37Z,session
u0253,2024-02-18T19:19:27Z,signup
u0053,2024-02-18T20:12:45Z,session
u0132,2024-02-18T21:16:44Z,session
u0347,2024-02-18T21:49:24Z,session
u0290,2024-02-18T23:03:40Z,session
u0103,2024-02-18T23:35:19Z,session
u0188,2024-02-18T23:39:28Z,session
u0308,2024-02-18T23:41:33Z,session
u0038,2024-02-18T23:59:59Z,session
u0087,2024-02-18T23:59:59Z,session
u0087,2024-02-18T23:59:59Z,session
u0139,2024-02-18T23:59:59Z,session
u0139,2024-02-18T23:59:59Z,session
u0181,2024-02-18T23:59:59Z,session
u0181,2024-02-18T23:59:59Z,session
u0213,2024-02-18T23:59:59Z,session
u0253,2024-02-18T23:59:59Z,session
u0253,2024-02-18T23:59:59Z,session
u0378,2024-02-18T23:59:59Z,session
u0387,2024-02-18T23:59:59Z,session
u0379,2024-02-19T00:08:41Z,signup
u0341,2024-02-19T00:16:32Z,session
u0223,2024-02-19T01:22:01Z,session
u0210,2024-02-19T01:30:55Z,session
u0341,2024-02-19T02:30:08Z,session
u0076,2024-02-19T04:07:54Z,session
u0016,2024-02-19T05:14:21Z,session
u0000,2024-02-19T05:37:16Z,session
u0334,2024-02-19T06:17:13Z,signup
u0351,2024-02-19T07:05:04Z,session
u0077,2024-02-19T07:27:11Z,signup
u0369,2024-02-19T07:51:44Z,session
u0331,2024-02-19T08:39:25Z,session
u0377,2024-02-19T08:45:52Z,session
u0000,2024-02-19T08:52:00Z,session
u0289,2024-02-19T10:45:30Z,session
u0075,2024-02-19T10:47:31Z,session
u0294,2024-02-19T11:14:02Z,signup
u0357,2024-02-19T11:43:13Z,session
u0170,2024-02-19T11:43:45Z,signup
u0068,2024-02-19T11:59:33Z,session
u0358,2024-02-19T12:36:20Z,session
u0202,2024-02-19T13:48:48Z,session
u0134,2024-02-19T14:42:33Z,session
u0187,2024-02-19T14:43:48Z,session
u0041,2024-02-19T15:50:31Z,session
u0265,2024-02-19T16:26:04Z,session
u0119,2024-02-19T16:56:36Z,session
u0240,2024-02-19T17:15:01Z,signup
u0143,2024-02-19T17:58:05Z,session
u0185,2024-02-19T18:07:12Z,signup
u0227,2024-02-19T18:27:07Z,session
u0312,2024-02-19T18:41:14Z,session
u0356,2024-02-19T19:51:45Z,session
u0039,2024-02-19T20:22:00Z,signup
u0010,2024-02-19T21:25:28Z,signup
u0240,2024-02-20T00:08:16Z,session
u0076,2024-02-20T00:13:23Z,session
u0332,2024-02-20T00:48:13Z,session
u0010,2024-02-20T01:59:41Z,session
u0251,2024-02-20T02:41:53Z,session
u0116,2024-02-20T03:31:57Z,session
u0191,2024-02-20T04:19:17Z,session
u0303,2024-02-20T04:23:07Z,session
u0379,2024-02-20T05:19:50Z,session
u0139,2024-02-20T05:21:25Z,session
u0039,2024-02-20T06:24:04Z,session
u0361,2024-02-20T06:32:38Z,session
u0377,2024-02-20T06:45:43Z,session
u0131,2024-02-20T06:51:46Z,session
u0113,2024-02-20T07:01:18Z,session
u0268,2024-02-20T07:10:08Z,session
u0331,2024-02-20T08:19:00Z,session
u0080,2024-02-20T09:37:36Z,session
u0334,2024-02-20T09:54:36Z,session
u0312,2024-02-20T10:11:03Z,session
u0166,2024-02-20T10:18:07Z,session
u0058,2024-02-20T11:01:33Z,session
u0192,2024-02-20T11:10:51Z,session
u0122,2024-02-20T11:46:52Z,session
u0218,2024-02-20T12:22:02Z,session
u0369,2024-02-20T14:00:41Z,session
u0379,2024-02-20T14:05:11Z,session
u0017,2024-02-20T14:11:12Z,session
u0281,2024-02-20T14:20:11Z,session
u0208,2024-02-20T15:18:54Z,session
u0054,2024-02-20T15:30:55Z,session
u0185,2024-02-20T17:08:51Z,session
u0139,2024-02-20T17:25:35Z,session
u0175,2024-02-20T18:50:48Z,session
u0359,2024-02-20T18:57:06Z,session
u0130,2024-02-20T19:49:09Z,session
u0219,2024-02-20T20:02:30Z,session
u0299,2024-02-20T20:10:26Z,session
u0322,2024-02-20T20:32:24Z,signup
u0080,2024-02-20T21:16:54Z,session
u0338,2024-02-20T21:27:36Z,session
u0195,2024-02-20T21:34:01Z,session
u0382,2024-02-20T21:52:22Z,session
u0223,2024-02-20T23:11:52Z,session
u0187,2024-02-20T23:28:50Z,session
u0125,2024-02-21T01:15:13Z,session
u0086,2024-02-21T02:47:05Z,session
u0373,2024-02-21T02:54:13Z,session
u0273,2024-02-21T03:09:55Z,signup
u0281,2024-02-21T05:50:13Z,session
u0014,2024-02-21T06:45:33Z,signup
u0017,2024-02-21T07:26:33Z,session
u0340,2024-02-21T07:42:25Z,session
u0294,2024-02-21T08:27:27Z,session
u0221,2024-02-21T09:18:41Z,session
u0210,2024-02-21T09:42:45Z,session
u0164,2024-02-21T09:56:03Z,signup
u0077,2024-02-21T10:04:48Z,session
u0357,2024-02-21T10:28:35Z,session
u0010,2024-02-21T10:42:02Z,session
u0209,2024-02-21T11:04:11Z,signup
u0371,2024-02-21T11:15:32Z,session
u0354,2024-02-21T11:43:55Z,session
u0276,2024-02-21T11:57:37Z,session
u0200,2024-02-21T12:46:00Z,signup
u0178,2024-02-21T12:53:56Z,session
u0369,2024-02-21T13:17:01Z,session
u0344,2024-02-21T13:45:40Z,session
u0322,2024-02-21T14:10:29Z,session
u0358,2024-02-21T14:48:25Z,session
u0181,2024-02-21T17:05:35Z,session
u0040,2024-02-21T17:48:12Z,signup
u0282,2024-02-21T17:49:10Z,signup
u0122,2024-02-21T18:02:39Z,session
u0274,2024-02-21T18:27:20Z,session
u0207,2024-02-21T18:49:04Z,session
u0243,2024-02-21T18:51:18Z,session
u0041,2024-02-21T19:20:32Z,session
u0291,2024-02-21T21:09:10Z,session
u0281,2024-02-21T21:31:07Z,session
u0067,2024-02-21T22:34:21Z,session
u0293,2024-02-22T00:16:42Z,signup
u0006,2024-02-22T01:35:00Z,session
u0043,2024-02-22T02:16:59Z,signup
u0124,2024-02-22T02:18:47Z,session
u0196,2024-02-22T02:49:27Z,session
u0094,2024-02-22T03:33:16Z,session
u0356,2024-02-22T03:45:03Z,session
u0143,2024-02-22T04:06:52Z,session
u0273,2024-02-22T04:42:42Z,session
u0210,2024-02-22T05:04:58Z,session
u0334,2024-02-22T05:52:05Z,session
u0202,2024-02-22T06:19:33Z,session
u0303,2024-02-22T07:04:55Z,session
u0039,2024-02-22T07:35:26Z,session
u0205,2024-02-22T07:41:02Z,signup
u0068,2024-02-22T07:44:41Z,session
u0099,2024-02-22T08:28:14Z,session
u0331,2024-02-22T08:37:33Z,session
u0354,2024-02-22T09:00:05Z,session
u0219,2024-02-22T09:11:42Z,session
u0359,2024-02-22T09:26:56Z,session
u0218,2024-02-22T10:00:54Z,session
u0393,2024-02-22T12:30:53Z,session
u0378,2024-02-22T12:50:59Z,session
u0109,2024-02-22T13:52:36Z,signup
u0192,2024-02-22T14:04:09Z,session
u0376,2024-02-22T16:08:57Z,session
u0181,2024-02-22T16:37:31Z,session
u0176,2024-02-22T17:11:12Z,signup
u0187,2024-02-22T18:35:42Z,session
u0043,2024-02-22T18:37:00Z,session
u0107,2024-02-22T18:47:24Z,signup
u0088,2024-02-22T19:22:13Z,session
u0045,2024-02-22T19:51:40Z,session
u0303,2024-02-22T20:29:53Z,session
u0090,2024-02-22T20:50:41Z,session
u0078,2024-02-22T20:52:20Z,signup
u0119,2024-02-22T21:47:53Z,session
u0200,2024-02-22T23:52:55Z,session
u0134,2024-02-23T00:34:58Z,session
u0209,2024-02-23T00:54:08Z,session
u0299,2024-02-23T01:19:05Z,session
u0116,2024-02-23T02:33:02Z,session
u0125,2024-02-23T02:47:50Z,session
u0207,2024-02-23T03:34:19Z,session
u0209,2024-02-23T03:40:50Z,session
u0016,2024-02-23T04:16:34Z,session
u0070,2024-02-23T04:47:44Z,signup
u0139,2024-02-23T05:23:49Z,session
u0068,2024-02-23T05:40:54Z,session
u0393,2024-02-23T06:01:44Z,session
u0143,2024-02-23T06:17:40Z,session
u0113,2024-02-23T07:04:57Z,session
u0062,2024-02-23T07:51:34Z,signup
u0087,2024-02-23T08:18:17Z,session
u0393,2024-02-23T08:22:31Z,session
u0161,2024-02-23T08:23:35Z,session
u0361,2024-02-23T08:27:41Z,session
u0192,2024-02-23T09:26:14Z,session
u0035,2024-02-23T09:30:00Z,signup
u0155,2024-02-23T09:46:39Z,session
u0279,2024-02-23T11:15:54Z,signup
u0078,2024-02-23T11:25:21Z,session
u0110,2024-02-23T11:52:23Z,signup
u0048,2024-02-23T11:56:32Z,session
u0371,2024-02-23T12:12:25Z,session
u0122,2024-02-23T12:31:30Z,session
u0299,2024-02-23T13:07:55Z,session
u0202,2024-02-23T14:18:01Z,session
u0268,2024-02-23T15:10:01Z,session
u0282,2024-02-23T15:24:05Z,session
u0153,2024-02-23T15:51:10Z,session
u0312,2024-02-23T15:54:24Z,session
u0062,2024-02-23T16:07:31Z,session
u0322,2024-02-23T16:16:57Z,session
u0000,2024-02-23T16:17:08Z,session
u0075,2024-02-23T16:33:54Z,session
u0017,2024-02-23T18:33:23Z,session
u0196,2024-02-23T18:37:42Z,session
u0072,2024-02-23T19:21:51Z,signup
u0338,2024-02-23T19:44:47Z,session
u0284,2024-02-23T20:10:33Z,signup
u0221,2024-02-23T21:34:10Z,session
u0254,2024-02-23T22:00:12Z,signup
u0040,2024-02-23T23:52:05Z,session
u0291,2024-02-24T00:36:00Z,session
u0144,2024-02-24T00:49:19Z,signup
u0289,2024-02-24T01:50:40Z,session
u0253,2024-02-24T02:19:38Z,session
u0377,2024-02-24T02:34:56Z,session
u0016,2024-02-24T04:31:14Z,session
u0220,2024-02-24T04:37:06Z,signup
u0178,2024-02-24T06:15:46Z,session
u0107,2024-02-24T08:32:33Z,session
u0099,2024-02-24T09:18:12Z,session
u0255,2024-02-24T09:25:48Z,session
u0251,2024-02-24T09:33:55Z,session
u0073,2024-02-24T09:34:55Z,session
u0289,2024-02-24T10:37:51Z,session
u0043,2024-02-24T11:17:34Z,session
u0109,2024-02-24T11:29:40Z,session
u0048,2024-02-24T11:30:15Z,session
u0243,2024-02-24T11:51:33Z,session
u0371,2024-02-24T11:56:05Z,session
u0362,2024-02-24T13:05:13Z,session
u0002,2024-02-24T14:57:40Z,session
u0253,2024-02-24T14:58:40Z,session
u0067,2024-02-24T15:07:26Z,session
u0205,2024-02-24T15:30:12Z,session
u0254,2024-02-24T15:36:37Z,session
u0373,2024-02-24T15:47:33Z,session
u0338,2024-02-24T15:54:16Z,session
u0359,2024-02-24T16:04:01Z,session
u0071,2024-02-24T16:46:39Z,session
u0125,2024-02-24T16:50:54Z,session
u0362,2024-02-24T17:01:12Z,session
u0113,2024-02-24T17:38:10Z,session
u0078,2024-02-24T18:20:49Z,session
u0124,2024-02-24T18:30:02Z,session
u0323,2024-02-24T18:56:33Z,session
u0340,2024-02-24T19:21:30Z,session
u0070,2024-02-24T20:01:16Z,session
u0255,2024-02-24T20:55:19Z,session
u0103,2024-02-24T21:13:18Z,session
u0012,2024-02-24T22:31:24Z,session
u0219,2024-02-25T02:34:21Z,session
u0349,2024-02-25T04:21:39Z,signup
u0224,2024-02-25T04:33:11Z,session
u0309,2024-02-25T04:47:38Z,session
u0241,2024-02-25T05:09:34Z,session
u0048,2024-02-25T06:09:51Z,session
u0119,2024-02-25T06:19:25Z,session
u0323,2024-02-25T06:25:12Z,session
u0363,2024-02-25T06:31:00Z,session
u0062,2024-02-25T06:42:10Z,session
u0142,2024-02-25T07:13:24Z,signup
u0131,2024-02-25T07:59:47Z,session
u0081,2024-02-25T09:14:23Z,signup
u0291,2024-02-25T09:23:41Z,session
u0310,2024-02-25T09:41:59Z,session
u0107,2024-02-25T09:42:24Z,session
u0012,2024-02-25T10:06:38Z,session
u0341,2024-02-25T10:07:23Z,session
u0094,2024-02-25T11:48:50Z,session
u0220,2024-02-25T13:16:53Z,session
u0230,2024-02-25T14:10:31Z,signup
u0356,2024-02-25T14:12:42Z,session
u0199,2024-02-25T15:06:41Z,signup
u0265,2024-02-25T16:21:38Z,session
u0006,2024-02-25T16:27:40Z,session
u0190,2024-02-25T16:55:19Z,signup
u0075,2024-02-25T17:04:00Z,session
u0094,2024-02-25T17:24:09Z,session
u0254,2024-02-25T17:28:11Z,session
u0208,2024-02-25T17:37:01Z,session
u0279,2024-02-25T18:24:39Z,session
u0067,2024-02-25T19:03:15Z,session
u0186,2024-02-25T20:58:37Z,session
u0196,2024-02-25T21:41:19Z,session
u0222,2024-02-25T22:12:33Z,signup
u0279,2024-02-25T22:46:47Z,session
u0222,2024-02-25T22:58:33Z,session
u0227,2024-02-25T23:02:52Z,session
u0178,2024-02-25T23:39:04Z,session
u0081,2024-02-25T23:59:59Z,session
u0199,2024-02-25T23:59:59Z,session
u0199,2024-02-25T23:59:59Z,session
u0222,2024-02-25T23:59:59Z,session
u0230,2024-02-25T23:59:59Z,session
u0230,2024-02-25T23:59:59Z,session
u0191,2024-02-26T00:22:52Z,session
u0151,2024-02-26T02:37:12Z,session
u0365,2024-02-26T03:28:28Z,signup
u0368,2024-02-26T03:32:30Z,session
u0353,2024-02-26T03:43:39Z,signup
u0183,2024-02-26T03:54:35Z,session
u0020,2024-02-26T04:23:32Z,signup
u0310,2024-02-26T06:45:50Z,session
u0183,2024-02-26T07:00:33Z,session
u0051,2024-02-26T07:03:47Z,session
u0205,2024-02-26T07:24:54Z,session
u0046,2024-02-26T08:14:01Z,session
u0230,2024-02-26T09:14:50Z,session
u0282,2024-02-26T09:43:16Z,session
u0268,2024-02-26T10:34:16Z,session
u0054,2024-02-26T11:32:29Z,session
u0195,2024-02-26T11:33:34Z,session
u0123,2024-02-26T11:41:45Z,session
u0360,2024-02-26T11:48:37Z,session
u0236,2024-02-26T11:52:32Z,signup
u0093,2024-02-26T12:21:39Z,signup
u0002,2024-02-26T14:33:55Z,session
u0189,2024-02-26T15:47:33Z,signup
u0107,2024-02-26T17:18:43Z,session
u0307,2024-02-26T17:24:30Z,session
u0330,2024-02-26T18:04:50Z,session
u0389,2024-02-26T18:50:21Z,session
u0296,2024-02-26T19:01:00Z,session
u0014,2024-02-26T19:12:31Z,session
u0189,2024-02-26T21:42:32Z,session
u0378,2024-02-26T21:51:02Z,session
u0151,2024-02-26T21:51:11Z,session
u0289,2024-02-26T22:41:15Z,session
u0253,2024-02-26T22:47:21Z,session
u0054,2024-02-26T23:56:42Z,session
u0329,2024-02-27T00:12:13Z,signup
u0072,2024-02-27T00:35:24Z,session
u0226,2024-02-27T00:51:50Z,session
u0364,2024-02-27T00:53:41Z,signup
u0055,2024-02-27T01:32:26Z,signup
u0276,2024-02-27T03:40:43Z,session
u0006,2024-02-27T03:43:58Z,session
u0273,2024-02-27T05:32:54Z,session
u0229,2024-02-27T06:24:13Z,session
u0362,2024-02-27T06:53:05Z,session
u0144,2024-02-27T07:13:42Z,session
u0380,2024-02-27T08:27:57Z,session
u0041,2024-02-27T08:40:01Z,session
u0089,2024-02-27T10:08:12Z,session
u0257,2024-02-27T10:48:19Z,session
u0115,2024-02-27T12:07:39Z,session
u0341,2024-02-27T13:35:56Z,session
u0107,2024-02-27T15:36:03Z,session
u0340,2024-02-27T17:47:56Z,session
u0078,2024-02-27T18:35:52Z,session
u0307,2024-02-27T19:57:39Z,session
u0349,2024-02-27T20:06:31Z,session
u0010,2024-02-27T20:18:45Z,session
u0010,2024-02-27T22:08:58Z,session
u0196,2024-02-27T22:36:23Z,session
u0230,2024-02-27T23:15:39Z,session
u0069,2024-02-28T00:11:24Z,signup
u0371,2024-02-28T00:20:15Z,session
u0285,2024-02-28T00:33:09Z,session
u0056,2024-02-28T01:25:35Z,session
u0351,2024-02-28T02:42:26Z,session
u0196,2024-02-28T02:44:01Z,session
u0164,2024-02-28T03:56:40Z,session
u0093,2024-02-28T05:16:43Z,session
u0079,2024-02-28T05:25:37Z,session
u0229,2024-02-28T05:29:58Z,session
u0038,2024-02-28T06:24:17Z,session
u0337,2024-02-28T06:46:49Z,signup
u0275,2024-02-28T06:57:27Z,session
u0171,2024-02-28T07:19:05Z,signup
u0106,2024-02-28T09:32:03Z,signup
u0222,2024-02-28T09:39:51Z,session
u0365,2024-02-28T10:00:39Z,session
u0088,2024-02-28T10:16:31Z,session
u0086,2024-02-28T10:26:36Z,session
u0086,2024-02-28T11:18:19Z,session
u0106,2024-02-28T11:31:01Z,session
u0263,2024-02-28T11:51:27Z,signup
u0184,2024-02-28T12:37:10Z,signup
u0004,2024-02-28T13:39:27Z,session
u0115,2024-02-28T14:57:03Z,session
u0171,2024-02-28T16:04:58Z,session
u0126,2024-02-28T17:36:45Z,signup
u0069,2024-02-28T17:42:13Z,session
u0371,2024-02-28T17:47:31Z,session
u0192,2024-02-28T17:56:59Z,session
u0175,2024-02-28T18:04:33Z,session
u0079,2024-02-28T18:11:03Z,session
u0273,2024-02-28T18:21:26Z,session
u0113,2024-02-28T19:53:34Z,session
u0041,2024-02-28T20:15:40Z,session
u0002,2024-02-28T20:19:06Z,session
u0184,2024-02-28T20:32:13Z,session
u0126,2024-02-28T20:34:01Z,session
u0268,2024-02-28T20:47:00Z,session
u0079,2024-02-28T21:19:14Z,session
u0133,2024-02-28T21:38:19Z,session
u0380,2024-02-28T22:55:21Z,session
u0191,2024-02-28T22:56:55Z,session
u0310,2024-02-29T00:19:05Z,session
u0361,2024-02-29T01:24:11Z,session
u0365,2024-02-29T02:27:40Z,session
u0144,2024-02-29T02:58:20Z,session
u0078,2024-02-29T04:34:12Z,session
u0214,2024-02-29T05:13:24Z,session
u0385,2024-02-29T05:20:11Z,session
u0115,2024-02-29T05:42:02Z,session
u0337,2024-02-29T06:04:17Z,session
u0171,2024-02-29T06:31:49Z,session
u0144,2024-02-29T07:04:37Z,session
u0367,2024-02-29T07:25:08Z,signup
u0146,2024-02-29T07:29:15Z,signup
u0336,2024-02-29T08:18:34Z,signup
u0361,2024-02-29T08:35:32Z,session
u0106,2024-02-29T09:16:26Z,session
u0102,2024-02-29T09:42:04Z,signup
u0088,2024-02-29T10:09:01Z,session
u0380,2024-02-29T10:56:18Z,session
u0267,2024-02-29T11:13:58Z,session
u0081,2024-02-29T11:23:24Z,session
u0222,2024-02-29T11:53:21Z,session
u0004,2024-02-29T12:02:06Z,session
u0069,2024-02-29T12:09:29Z,session
u0337,2024-02-29T14:25:10Z,session
u0362,2024-02-29T14:54:57Z,session
u0185,2024-02-29T15:22:12Z,session
u0347,2024-02-29T15:48:09Z,session
u0032,2024-02-29T15:53:34Z,signup
u0296,2024-02-29T16:20:22Z,session
u0341,2024-02-29T17:03:54Z,session
u0132,2024-02-29T18:00:59Z,session
u0279,2024-02-29T18:41:05Z,session
u0141,2024-02-29T19:21:30Z,session
u0279,2024-02-29T20:19:27Z,session
u0091,2024-02-29T22:03:48Z,signup
u0091,2024-02-29T22:14:09Z,session
u0162,2024-02-29T22:34:50Z,session
u0340,2024-02-29T22:41:06Z,session
u0010,2024-03-01T00:33:21Z,session
u0080,2024-03-01T00:37:13Z,session
u0041,2024-03-01T00:38:41Z,session
u0102,2024-03-01T01:35:58Z,session
u0310,2024-03-01T01:36:48Z,session
u0273,2024-03-01T01:55:49Z,session
u0281,2024-03-01T02:24:59Z,session
u0399,2024-03-01T02:30:31Z,signup
u0088,2024-03-01T02:32:13Z,session
u0091,2024-03-01T02:33:31Z,session
u0336,2024-03-01T03:11:27Z,session
u0209,2024-03-01T03:28:32Z,session
u0046,2024-03-01T04:42:14Z,session
u0146,2024-03-01T06:00:34Z,session
u0239,2024-03-01T06:53:53Z,signup
u0263,2024-03-01T07:59:31Z,session
u0294,2024-03-01T07:59:40Z,session
u0113,2024-03-01T10:04:09Z,session
u0140,2024-03-01T10:13:44Z,session
u0281,2024-03-01T10:29:59Z,session
u0240,2024-03-01T10:54:00Z,session
u0399,2024-03-01T11:14:48Z,session
u0276,2024-03-01T11:17:54Z,session
u0170,2024-03-01T12:06:19Z,session
u0070,2024-03-01T13:35:58Z,session
u0275,2024-03-01T16:34:26Z,session
u0389,2024-03-01T16:35:11Z,session
u0175,2024-03-01T16:45:20Z,session
u0336,2024-03-01T17:00:29Z,session
u0229,2024-03-01T18:15:24Z,session
u0132,2024-03-01T18:42:41Z,session
u0200,2024-03-01T21:23:32Z,session
u0199,2024-03-01T22:03:22Z,session
u0248,2024-03-01T22:31:17Z,signup
u0151,2024-03-01T23:17:35Z,session
u0245,2024-03-01T23:31:17Z,signup
u0362,2024-03-02T00:22:23Z,session
u0159,2024-03-02T00:58:11Z,signup
u0246,2024-03-02T01:58:15Z,signup
u0078,2024-03-02T03:16:42Z,session
u0379,2024-03-02T03:25:49Z,session
u0193,2024-03-02T05:55:33Z,signup
u0132,2024-03-02T06:44:05Z,session
u0071,2024-03-02T06:49:30Z,session
u0159,2024-03-02T07:10:55Z,session
u0060,2024-03-02T08:53:50Z,signup
u0070,2024-03-02T09:24:43Z,session
u0184,2024-03-02T09:39:03Z,session
u0056,2024-03-02T09:54:11Z,session
u0378,2024-03-02T09:54:54Z,session
u0070,2024-03-02T10:19:28Z,session
u0351,2024-03-02T10:22:51Z,session
u0133,2024-03-02T10:36:03Z,session
u0183,2024-03-02T11:15:43Z,session
u0205,2024-03-02T11:16:41Z,session
u0200,2024-03-02T12:08:25Z,session
u0074,2024-03-02T12:09:36Z,signup
u0244,2024-03-02T12:33:28Z,session
u0268,2024-03-02T12:44:28Z,session
u0164,2024-03-02T13:42:53Z,session
u0126,2024-03-02T13:54:50Z,session
u0240,2024-03-02T14:00:43Z,session
u0086,2024-03-02T14:25:23Z,session
u0361,2024-03-02T14:55:29Z,session
u0192,2024-03-02T15:25:30Z,session
u0018,2024-03-02T16:25:33Z,session
u0367,2024-03-02T16:51:25Z,session
u0222,2024-03-02T17:14:56Z,session
u0367,2024-03-02T17:30:10Z,session
u0024,2024-03-02T17:31:36Z,signup
u0246,2024-03-02T18:50:13Z,session
u0378,2024-03-02T20:37:06Z,session
u0176,2024-03-02T20:48:50Z,session
u0014,2024-03-02T21:47:14Z,session
u0051,2024-03-02T22:34:21Z,session
u0257,2024-03-02T22:55:21Z,session
u0282,2024-03-02T22:57:48Z,session
u0233,2024-03-02T23:04:11Z,signup
u0318,2024-03-02T23:56:33Z,signup
u0178,2024-03-02T23:58:22Z,session
u0289,2024-03-03T00:42:32Z,session
u0006,2024-03-03T03:21:12Z,session
u0022,2024-03-03T03:56:11Z,session
u0246,2024-03-03T04:20:33Z,session
u0107,2024-03-03T04:21:10Z,session
u0180,2024-03-03T04:44:48Z,signup
u0117,2024-03-03T04:56:43Z,signup
u0291,2024-03-03T06:11:17Z,session
u0175,2024-03-03T06:21:19Z,session
u0092,2024-03-03T06:35:16Z,session
u0054,2024-03-03T07:36:41Z,session
u0351,2024-03-03T08:06:29Z,session
u0006,2024-03-03T08:53:42Z,session
u0298,2024-03-03T09:21:27Z,signup
u0321,2024-03-03T10:06:33Z,session
u0233,2024-03-03T12:23:57Z,session
u0399,2024-03-03T12:57:40Z,session
u0071,2024-03-03T13:57:01Z,session
u0038,2024-03-03T15:25:49Z,session
u0080,2024-03-03T15:31:17Z,session
u0235,2024-03-03T15:43:37Z,signup
u0164,2024-03-03T17:04:37Z,session
u0296,2024-03-03T17:41:11Z,session
u0240,2024-03-03T18:26:12Z,session
u0209,2024-03-03T18:38:47Z,session
u0080,2024-03-03T18:43:43Z,session
u0394,2024-03-03T18:52:47Z,signup
u0213,2024-03-03T22:19:14Z,session
u0233,2024-03-03T22:32:40Z,session
u0051,2024-03-03T22:38:52Z,session
u0162,2024-03-03T22:54:46Z,session
u0157,2024-03-03T23:58:59Z,signup
u0024,2024-03-03T23:59:59Z,session
u0060,2024-03-03T23:59:59Z,session
u0060,2024-03-03T23:59:59Z,session
u0117,2024-03-03T23:59:59Z,session
u0117,2024-03-03T23:59:59Z,session
u0159,2024-03-03T23:59:59Z,session
u0180,2024-03-03T23:59:59Z,session
u0235,2024-03-03T23:59:59Z,session
u0235,2024-03-03T23:59:59Z,session
u0318,2024-03-03T23:59:59Z,session
u0318,2024-03-03T23:59:59Z,session
u0394,2024-03-03T23:59:59Z,session
u0069,2024-03-04T03:13:36Z,session
u0298,2024-03-04T03:22:58Z,session
u0239,2024-03-04T03:30:07Z,session
u0253,2024-03-04T03:49:47Z,session
u0308,2024-03-04T05:51:27Z,session
u0075,2024-03-04T06:08:39Z,session
u0284,2024-03-04T07:02:48Z,session
u0188,2024-03-04T07:18:47Z,session
u0287,2024-03-04T08:26:50Z,session
u0278,2024-03-04T08:47:30Z,signup
u0087,2024-03-04T10:01:59Z,session
u0141,2024-03-04T10:24:44Z,session
u0320,2024-03-04T10:39:50Z,signup
u0075,2024-03-04T11:23:30Z,session
u0125,2024-03-04T11:25:16Z,session
u0373,2024-03-04T12:54:13Z,session
u0024,2024-03-04T15:43:30Z,session
u0341,2024-03-04T15:45:26Z,session
u0026,2024-03-04T16:05:25Z,signup
u0177,2024-03-04T17:05:05Z,session
u0032,2024-03-04T17:56:11Z,session
u0233,2024-03-04T19:41:01Z,session
u0239,2024-03-04T20:24:14Z,session
u0261,2024-03-04T20:41:29Z,signup
u0385,2024-03-04T20:56:31Z,session
u0197,2024-03-04T21:26:02Z,session
u0145,2024-03-04T21:32:18Z,signup
u0238,2024-03-04T22:45:08Z,signup
u0308,2024-03-04T23:11:37Z,session
u0134,2024-03-04T23:38:06Z,session
u0296,2024-03-04T23:56:14Z,session
u0011,2024-03-05T00:23:51Z,signup
u0337,2024-03-05T00:33:47Z,session
u0329,2024-03-05T02:22:55Z,session
u0163,2024-03-05T02:50:32Z,signup
u0074,2024-03-05T03:58:43Z,session
u0209,2024-03-05T04:20:25Z,session
u0087,2024-03-05T05:51:53Z,session
u0011,2024-03-05T06:08:17Z,session
u0386,2024-03-05T06:30:44Z,session
u0145,2024-03-05T06:48:02Z,session
u0024,2024-03-05T08:17:37Z,session
u0320,2024-03-05T08:20:56Z,session
u0385,2024-03-05T08:49:46Z,session
u0164,2024-03-05T09:54:39Z,session
u0242,2024-03-05T10:03:57Z,signup
u0191,2024-03-05T10:53:36Z,session
u0095,2024-03-05T12:10:31Z,session
u0359,2024-03-05T14:54:20Z,session
u0329,2024-03-05T14:58:34Z,session
u0050,2024-03-05T15:48:34Z,signup
u0087,2024-03-05T16:42:40Z,session
u0177,2024-03-05T17:24:36Z,session
u0381,2024-03-05T17:52:14Z,session
u0058,2024-03-05T18:38:15Z,session
u0165,2024-03-05T19:47:43Z,session
u0354,2024-03-05T22:04:35Z,session
u0216,2024-03-05T22:16:29Z,session
u0343,2024-03-05T22:23:16Z,signup
u0111,2024-03-05T23:25:57Z,signup
u0176,2024-03-05T23:29:33Z,session
u0011,2024-03-05T23:52:18Z,session
u0334,2024-03-06T00:22:07Z,session
u0216,2024-03-06T00:32:52Z,session
u0121,2024-03-06T00:42:54Z,signup
u0109,2024-03-06T01:50:37Z,session
u0242,2024-03-06T02:02:57Z,session
u0372,2024-03-06T02:28:57Z,session
u0292,2024-03-06T02:49:21Z,session
u0046,2024-03-06T07:27:53Z,session
u0254,2024-03-06T08:06:19Z,session
u0377,2024-03-06T08:55:44Z,session
u0254,2024-03-06T09:41:05Z,session
u0334,2024-03-06T10:42:49Z,session
u0354,2024-03-06T13:13:09Z,session
u0157,2024-03-06T13:25:11Z,session
u0246,2024-03-06T13:32:52Z,session
u0277,2024-03-06T13:37:50Z,signup
u0091,2024-03-06T14:39:16Z,session
u0177,2024-03-06T15:29:18Z,session
u0184,2024-03-06T15:51:59Z,session
u0163,2024-03-06T16:10:28Z,session
u0310,2024-03-06T16:15:40Z,session
u0385,2024-03-06T16:24:22Z,session
u0152,2024-03-06T17:37:27Z,session
u0091,2024-03-06T19:07:35Z,session
u0026,2024-03-06T19:54:44Z,session
u0126,2024-03-06T20:13:36Z,session
u0032,2024-03-06T21:51:27Z,session
u0069,2024-03-06T23:15:09Z,session
u0042,2024-03-06T23:40:51Z,signup
u0086,2024-03-07T01:31:06Z,session
u0248,2024-03-07T01:36:10Z,session
u0074,2024-03-07T02:38:56Z,session
u0238,2024-03-07T02:45:41Z,session
u0057,2024-03-07T03:23:45Z,session
u0074,2024-03-07T04:29:02Z,session
u0299,2024-03-07T04:37:16Z,session
u0263,2024-03-07T05:16:39Z,session
u0225,2024-03-07T05:52:48Z,signup
u0075,2024-03-07T05:53:06Z,session
u0017,2024-03-07T05:56:09Z,session
u0296,2024-03-07T06:01:43Z,session
u0258,2024-03-07T06:33:10Z,signup
u0316,2024-03-07T06:36:55Z,signup
u0248,2024-03-07T07:28:12Z,session
u0118,2024-03-07T07:50:04Z,session
u0035,2024-03-07T09:29:18Z,session
u0023,2024-03-07T11:32:17Z,signup
u0212,2024-03-07T11:39:24Z,session
u0069,2024-03-07T12:05:42Z,session
u0277,2024-03-07T12:31:02Z,session
u0359,2024-03-07T12:51:14Z,session
u0046,2024-03-07T13:01:12Z,session
u0082,2024-03-07T13:11:36Z,signup
u0374,2024-03-07T13:29:52Z,session
u0334,2024-03-07T14:10:13Z,session
u0240,2024-03-07T14:12:12Z,session
u0296,2024-03-07T15:39:54Z,session
u0163,2024-03-07T15:43:04Z,session
u0119,2024-03-07T15:51:33Z,session
u0280,2024-03-07T16:42:53Z,signup
u0023,2024-03-07T16:43:19Z,session
u0255,2024-03-07T17:01:06Z,session
u0024,2024-03-07T17:05:01Z,session
u0308,2024-03-07T17:08:48Z,session
u0058,2024-03-07T17:45:40Z,session
u0214,2024-03-07T19:22:06Z,session
u0246,2024-03-07T20:48:01Z,session
u0101,2024-03-07T21:45:23Z,session
u0230,2024-03-07T22:25:42Z,session
u0152,2024-03-07T23:01:58Z,session
u0038,2024-03-07T23:46:06Z,session
u0258,2024-03-08T00:28:16Z,session
u0111,2024-03-08T00:30:21Z,session
u0050,2024-03-08T00:32:51Z,session
u0255,2024-03-08T00:43:54Z,session
u0038,2024-03-08T01:19:06Z,session
u0111,2024-03-08T02:15:30Z,session
u0240,2024-03-08T02:31:10Z,session
u0248,2024-03-08T03:07:19Z,session
u0200,2024-03-08T03:07:32Z,session
u0259,2024-03-08T04:10:04Z,signup
u0085,2024-03-08T04:41:29Z,signup
u0157,2024-03-08T05:57:38Z,session
u0395,2024-03-08T07:16:36Z,session
u0125,2024-03-08T07:59:52Z,session
u0292,2024-03-08T08:31:30Z,session
u0164,2024-03-08T09:23:16Z,session
u0197,2024-03-08T11:25:02Z,session
u0050,2024-03-08T11:30:25Z,session
u0341,2024-03-08T12:07:27Z,session
u0272,2024-03-08T13:25:44Z,signup
u0035,2024-03-08T13:42:37Z,session
u0212,2024-03-08T13:43:53Z,session
u0272,2024-03-08T14:41:48Z,session
u0337,2024-03-08T16:03:30Z,session
u0209,2024-03-08T16:05:07Z,session
u0049,2024-03-08T16:20:23Z,session
u0085,2024-03-08T16:31:44Z,session
u0157,2024-03-08T16:34:18Z,session
u0077,2024-03-08T19:48:49Z,session
u0193,2024-03-08T19:48:58Z,session
u0197,2024-03-08T19:57:41Z,session
u0236,2024-03-08T20:08:18Z,session
u0214,2024-03-08T22:31:32Z,session
u0277,2024-03-08T22:49:55Z,session
u0381,2024-03-09T00:12:09Z,session
u0082,2024-03-09T01:11:29Z,session
u0032,2024-03-09T01:47:18Z,session
u0374,2024-03-09T01:49:08Z,session
u0085,2024-03-09T02:18:24Z,session
u0162,2024-03-09T03:33:20Z,session
u0216,2024-03-09T04:09:10Z,session
u0395,2024-03-09T06:05:12Z,session
u0386,2024-03-09T07:01:54Z,session
u0287,2024-03-09T07:02:03Z,session
u0200,2024-03-09T07:42:25Z,session
u0171,2024-03-09T07:59:57Z,session
u0214,2024-03-09T09:20:04Z,session
u0010,2024-03-09T09:25:17Z,session
u0215,2024-03-09T10:26:19Z,signup
u0310,2024-03-09T10:45:55Z,session
u0189,2024-03-09T11:16:15Z,session
u0179,2024-03-09T14:03:18Z,session
u0082,2024-03-09T14:52:35Z,session
u0144,2024-03-09T14:57:00Z,session
u0045,2024-03-09T15:41:09Z,session
u0148,2024-03-09T15:45:16Z,signup
u0104,2024-03-09T16:52:57Z,signup
u0144,2024-03-09T17:02:55Z,session
u0077,2024-03-09T18:11:27Z,session
u0020,2024-03-09T18:44:01Z,session
u0025,2024-03-09T18:58:45Z,session
u0292,2024-03-09T19:20:37Z,session
u0239,2024-03-09T19:39:26Z,session
u0189,2024-03-09T21:20:17Z,session
u0269,2024-03-09T22:56:49Z,session
u0013,2024-03-10T00:43:22Z,signup
u0093,2024-03-10T01:19:05Z,session
u0046,2024-03-10T01:29:47Z,session
u0149,2024-03-10T02:08:04Z,signup
u0037,2024-03-10T02:09:50Z,signup
u0076,2024-03-10T02:45:12Z,session
u0359,2024-03-10T04:12:09Z,session
u0373,2024-03-10T04:27:13Z,session
u0291,2024-03-10T04:50:29Z,session
u0259,2024-03-10T05:17:53Z,session
u0066,2024-03-10T05:39:25Z,signup
u0059,2024-03-10T06:55:13Z,session
u0148,2024-03-10T08:09:30Z,session
u0017,2024-03-10T08:13:43Z,session
u0383,2024-03-10T08:47:05Z,signup
u0180,2024-03-10T09:44:21Z,session
u0010,2024-03-10T10:17:48Z,session
u0013,2024-03-10T10:54:16Z,session
u0272,2024-03-10T11:14:27Z,session
u0273,2024-03-10T12:07:09Z,session
u0377,2024-03-10T13:02:47Z,session
u0259,2024-03-10T15:42:09Z,session
u0058,2024-03-10T15:43:29Z,session
u0246,2024-03-10T16:21:30Z,session
u0203,2024-03-10T16:24:52Z,session
u0287,2024-03-10T16:29:02Z,session
u0125,2024-03-10T18:53:28Z,session
u0189,2024-03-10T18:59:16Z,session
u0200,2024-03-10T20:12:19Z,session
u0129,2024-03-10T20:34:10Z,session
u0191,2024-03-10T20:45:27Z,session
u0212,2024-03-10T20:48:49Z,session
u0035,2024-03-10T21:26:29Z,session
u0191,2024-03-10T21:57:38Z,session
u0193,2024-03-10T22:16:20Z,session
u0236,2024-03-10T23:13:22Z,session
u0107,2024-03-10T23:28:26Z,session
u0013,2024-03-10T23:59:59Z,session
u0066,2024-03-10T23:59:59Z,session
u0066,2024-03-10T23:59:59Z,session
u0148,2024-03-10T23:59:59Z,session
u0149,2024-03-10T23:59:59Z,session
u0215,2024-03-10T23:59:59Z,session
u0383,2024-03-10T23:59:59Z,session
u0294,2024-03-11T00:02:51Z,session
u0388,2024-03-11T01:25:40Z,session
u0191,2024-03-11T02:03:02Z,session
u0261,2024-03-11T03:32:49Z,session
u0026,2024-03-11T03:43:54Z,session
u0214,2024-03-11T04:26:32Z,session
u0294,2024-03-11T05:01:49Z,session
u0179,2024-03-11T06:06:49Z,session
u0163,2024-03-11T07:32:15Z,session
u0149,2024-03-11T08:50:46Z,session
u0086,2024-03-11T09:31:43Z,session
u0026,2024-03-11T09:36:22Z,session
u0209,2024-03-11T10:46:28Z,session
u0238,2024-03-11T11:03:14Z,session
u0328,2024-03-11T14:04:57Z,session
u0103,2024-03-11T16:07:53Z,session
u0197,2024-03-11T18:05:45Z,session
u0087,2024-03-11T19:35:54Z,session
u0295,2024-03-11T19:59:08Z,session
u0349,2024-03-11T21:00:15Z,session
u0040,2024-03-11T21:43:04Z,session
u0329,2024-03-11T23:05:19Z,session
u0345,2024-03-12T01:13:25Z,session
u0191,2024-03-12T02:05:55Z,session
u0237,2024-03-12T02:12:47Z,session
u0128,2024-03-12T02:48:04Z,session
u0123,2024-03-12T03:24:03Z,session
u0137,2024-03-12T05:06:27Z,session
u0343,2024-03-12T05:49:06Z,session
u0214,2024-03-12T05:58:12Z,session
u0011,2024-03-12T06:07:16Z,session
u0379,2024-03-12T06:35:12Z,session
u0280,2024-03-12T08:11:04Z,session
u0104,2024-03-12T08:35:26Z,session
u0126,2024-03-12T08:41:05Z,session
u0090,2024-03-12T08:46:04Z,session
u0388,2024-03-12T09:15:27Z,session
u0272,2024-03-12T09:58:46Z,session
u0272,2024-03-12T10:16:00Z,session
u0331,2024-03-12T12:01:23Z,session
u0277,2024-03-12T12:50:14Z,session
u0040,2024-03-12T13:01:41Z,session
u0051,2024-03-12T19:39:59Z,session
u0389,2024-03-12T20:28:16Z,session
u0040,2024-03-12T20:44:31Z,session
u0105,2024-03-12T23:05:36Z,session
u0345,2024-03-12T23:53:17Z,session
u0062,2024-03-13T00:39:25Z,session
u0014,2024-03-13T01:20:25Z,session
u0188,2024-03-13T02:51:50Z,session
u0151,2024-03-13T03:27:28Z,session
u0164,2024-03-13T03:33:21Z,session
u0225,2024-03-13T04:27:52Z,session
u0356,2024-03-13T04:34:55Z,session
u0236,2024-03-13T04:36:45Z,session
u0222,2024-03-13T05:30:58Z,session
u0197,2024-03-13T07:41:49Z,session
u0194,2024-03-13T08:10:02Z,session
u0149,2024-03-13T08:44:19Z,session
u0008,2024-03-13T09:21:22Z,session
u0082,2024-03-13T09:28:17Z,session
u0137,2024-03-13T11:20:25Z,session
u0331,2024-03-13T16:47:22Z,session
u0298,2024-03-13T17:12:02Z,session
u0150,2024-03-13T17:25:41Z,session
u0082,2024-03-13T18:29:31Z,session
u0349,2024-03-13T18:54:02Z,session
u0144,2024-03-13T19:15:23Z,session
u0104,2024-03-13T19:31:55Z,session
u0179,2024-03-13T20:55:55Z,session
u0022,2024-03-13T22:22:24Z,session
u0248,2024-03-13T23:41:56Z,session
u0144,2024-03-14T00:12:03Z,session
u0072,2024-03-14T01:39:54Z,session
u0399,2024-03-14T01:57:42Z,session
u0298,2024-03-14T04:13:31Z,session
u0086,2024-03-14T04:27:52Z,session
u0104,2024-03-14T05:56:47Z,session
u0014,2024-03-14T07:09:22Z,session
u0150,2024-03-14T08:00:32Z,session
u0191,2024-03-14T08:53:18Z,session
u0261,2024-03-14T08:54:57Z,session
u0008,2024-03-14T08:56:07Z,session
u0237,2024-03-14T08:57:13Z,session
u0328,2024-03-14T09:27:07Z,session
u0123,2024-03-14T09:55:36Z,session
u0349,2024-03-14T11:51:52Z,session
u0214,2024-03-14T12:09:00Z,session
u0145,2024-03-14T12:16:53Z,session
u0026,2024-03-14T12:43:48Z,session
u0210,2024-03-14T13:21:28Z,session
u0222,2024-03-14T13:44:03Z,session
u0237,2024-03-14T14:23:11Z,session
u0086,2024-03-14T14:37:42Z,session
u0151,2024-03-14T15:13:11Z,session
u0105,2024-03-14T15:39:30Z,session
u0295,2024-03-14T16:33:42Z,session
u0379,2024-03-14T18:00:56Z,session
u0351,2024-03-14T18:29:49Z,session
u0334,2024-03-14T18:40:14Z,session
u0111,2024-03-14T19:09:12Z,session
u0209,2024-03-14T19:52:37Z,session
u0014,2024-03-14T23:01:31Z,session
u0089,2024-03-15T00:13:57Z,session
u0356,2024-03-15T01:26:15Z,session
u0062,2024-03-15T01:40:48Z,session
u0103,2024-03-15T02:27:13Z,session
u0149,2024-03-15T02:33:48Z,session
u0029,2024-03-15T02:57:20Z,session
u0389,2024-03-15T03:34:57Z,session
u0396,2024-03-15T05:23:00Z,session
u0202,2024-03-15T05:50:29Z,session
u0091,2024-03-15T06:33:15Z,session
u0090,2024-03-15T07:29:43Z,session
u0005,2024-03-15T08:25:54Z,session
u0207,2024-03-15T08:41:29Z,session
u0329,2024-03-15T08:48:59Z,session
u0210,2024-03-15T08:50:50Z,session
u0042,2024-03-15T09:05:27Z,session
u0263,2024-03-15T09:53:13Z,session
u0374,2024-03-15T10:18:52Z,session
u0322,2024-03-15T10:47:56Z,session
u0190,2024-03-15T10:58:40Z,session
u0272,2024-03-15T12:08:48Z,session
u0261,2024-03-15T13:09:13Z,session
u0298,2024-03-15T14:33:14Z,session
u0383,2024-03-15T14:34:36Z,session
u0051,2024-03-15T15:50:38Z,session
u0322,2024-03-15T16:25:22Z,session
u0012,2024-03-15T19:07:10Z,session
u0322,2024-03-15T19:54:39Z,session
u0072,2024-03-15T23:06:31Z,session
u0069,2024-03-15T23:14:06Z,session
u0331,2024-03-15T23:37:33Z,session
u0128,2024-03-16T00:07:28Z,session
u0310,2024-03-16T00:35:53Z,session
u0005,2024-03-16T02:02:05Z,session
u0205,2024-03-16T02:11:03Z,session
u0093,2024-03-16T02:37:01Z,session
u0050,2024-03-16T03:19:30Z,session
u0345,2024-03-16T03:30:01Z,session
u0389,2024-03-16T04:13:20Z,session
u0210,2024-03-16T04:31:48Z,session
u0325,2024-03-16T04:32:33Z,session
u0354,2024-03-16T04:49:40Z,session
u0334,2024-03-16T05:02:33Z,session
u0194,2024-03-16T06:25:38Z,session
u0029,2024-03-16T06:58:54Z,session
u0145,2024-03-16T07:27:56Z,session
u0248,2024-03-16T07:51:28Z,session
u0328,2024-03-16T09:25:14Z,session
u0004,2024-03-16T11:59:15Z,session
u0374,2024-03-16T12:56:09Z,session
u0396,2024-03-16T13:00:08Z,session
u0051,2024-03-16T13:19:08Z,session
u0084,2024-03-16T14:44:45Z,session
u0192,2024-03-16T14:53:26Z,session
u0343,2024-03-16T15:02:57Z,session
u0362,2024-03-16T15:44:22Z,session
u0022,2024-03-16T16:31:50Z,session
u0399,2024-03-16T16:46:46Z,session
u0089,2024-03-16T16:59:57Z,session
u0144,2024-03-16T17:37:47Z,session
u0042,2024-03-16T18:24:08Z,session
u0197,2024-03-16T18:48:20Z,session
u0334,2024-03-16T19:22:11Z,session
u0192,2024-03-16T19:33:10Z,session
u0374,2024-03-16T21:21:45Z,session
u0205,2024-03-16T21:46:05Z,session
u0351,2024-03-16T23:46:35Z,session
u0399,2024-03-17T00:26:56Z,session
u0362,2024-03-17T00:49:14Z,session
u0005,2024-03-17T01:53:52Z,session
u0277,2024-03-17T04:25:04Z,session
u0029,2024-03-17T04:26:15Z,session
u0329,2024-03-17T05:25:02Z,session
u0354,2024-03-17T05:58:20Z,session
u0379,2024-03-17T08:25:20Z,session
u0263,2024-03-17T08:44:17Z,session
u0072,2024-03-17T09:41:04Z,session
u0157,2024-03-17T09:54:08Z,session
u0150,2024-03-17T10:06:30Z,session
u0351,2024-03-17T11:18:00Z,session
u0082,2024-03-17T14:49:44Z,session
u0362,2024-03-17T15:40:17Z,session
u0396,2024-03-17T16:55:17Z,session
u0157,2024-03-17T18:09:31Z,session
u0022,2024-03-17T19:08:13Z,session
u0205,2024-03-17T20:12:13Z,session
u0318,2024-03-17T21:01:03Z,session
u0354,2024-03-17T22:57:11Z,session
u0011,2024-03-17T22:58:32Z,session
u0256,2024-03-17T22:58:36Z,session
u0294,2024-03-17T23:02:53Z,session
u0367,2024-03-17T23:24:22Z,session
u0230,2024-03-18T00:01:06Z,session
u0013,2024-03-18T02:17:35Z,session
u0329,2024-03-18T04:42:53Z,session
u0145,2024-03-18T04:46:48Z,session
u0280,2024-03-18T06:50:24Z,session
u0040,2024-03-18T07:56:42Z,session
u0069,2024-03-18T08:01:07Z,session
u0085,2024-03-18T08:36:47Z,session
u0200,2024-03-18T08:48:05Z,session
u0080,2024-03-18T11:04:27Z,session
u0284,2024-03-18T11:30:50Z,session
u0380,2024-03-18T16:14:44Z,session
u0176,2024-03-18T17:24:28Z,session
u0200,2024-03-18T17:27:29Z,session
u0354,2024-03-18T19:26:52Z,session
u0238,2024-03-18T21:21:21Z,session
u0283,2024-03-18T21:59:08Z,session
u0238,2024-03-18T23:27:46Z,session
u0190,2024-03-19T01:50:42Z,session
u0306,2024-03-19T02:17:21Z,session
u0072,2024-03-19T02:29:46Z,session
u0398,2024-03-19T03:07:26Z,session
u0023,2024-03-19T03:59:01Z,session
u0334,2024-03-19T04:38:09Z,session
u0126,2024-03-19T05:36:14Z,session
u0280,2024-03-19T06:18:59Z,session
u0020,2024-03-19T07:02:36Z,session
u0171,2024-03-19T07:09:14Z,session
u0024,2024-03-19T07:42:43Z,session
u0050,2024-03-19T08:10:54Z,session
u0245,2024-03-19T08:59:16Z,session
u0126,2024-03-19T09:58:21Z,session
u0235,2024-03-19T11:23:56Z,session
u0278,2024-03-19T11:56:23Z,session
u0259,2024-03-19T12:40:43Z,session
u0235,2024-03-19T12:54:30Z,session
u0269,2024-03-19T14:05:12Z,session
u0155,2024-03-19T14:15:35Z,session
u0248,2024-03-19T18:12:58Z,session
u0042,2024-03-19T18:16:19Z,session
u0164,2024-03-19T18:34:22Z,session
u0235,2024-03-19T19:06:06Z,session
u0111,2024-03-19T19:07:41Z,session
u0102,2024-03-19T19:18:46Z,session
u0023,2024-03-19T23:21:51Z,session
u0062,2024-03-19T23:40:04Z,session
u0278,2024-03-20T01:05:35Z,session
u0349,2024-03-20T05:08:08Z,session
u0225,2024-03-20T06:51:51Z,session
u0246,2024-03-20T08:56:32Z,session
u0356,2024-03-20T11:31:57Z,session
u0163,2024-03-20T12:55:22Z,session
u0002,2024-03-20T13:19:24Z,session
u0164,2024-03-20T13:36:05Z,session
u0023,2024-03-20T13:50:42Z,session
u0117,2024-03-20T14:08:56Z,session
u0207,2024-03-20T15:04:09Z,session
u0367,2024-03-20T17:16:33Z,session
u0282,2024-03-20T17:31:17Z,session
u0263,2024-03-20T17:52:29Z,session
u0354,2024-03-20T20:02:26Z,session
u0310,2024-03-20T21:00:45Z,session
u0283,2024-03-20T22:00:37Z,session
u0318,2024-03-20T22:33:24Z,session
u0164,2024-03-20T22:49:11Z,session
u0246,2024-03-20T22:55:59Z,session
u0149,2024-03-21T00:37:16Z,session
u0153,2024-03-21T02:25:58Z,session
u0216,2024-03-21T03:01:42Z,session
u0070,2024-03-21T05:27:20Z,session
u0042,2024-03-21T05:46:13Z,session
u0148,2024-03-21T05:51:08Z,session
u0013,2024-03-21T05:55:51Z,session
u0149,2024-03-21T06:49:10Z,session
u0062,2024-03-21T06:53:01Z,session
u0151,2024-03-21T10:06:36Z,session
u0108,2024-03-21T11:52:37Z,session
u0244,2024-03-21T12:04:00Z,session
u0111,2024-03-21T12:14:42Z,session
u0310,2024-03-21T13:52:49Z,session
u0069,2024-03-21T14:26:56Z,session
u0024,2024-03-21T15:07:25Z,session
u0225,2024-03-21T15:08:13Z,session
u0139,2024-03-21T16:23:43Z,session
u0151,2024-03-21T16:47:33Z,session
u0198,2024-03-21T21:02:02Z,session
u0118,2024-03-21T21:25:03Z,session
u0108,2024-03-21T23:25:11Z,session
u0021,2024-03-22T01:03:44Z,session
u0398,2024-03-22T01:04:31Z,session
u0263,2024-03-22T03:15:14Z,session
u0070,2024-03-22T06:03:46Z,session
u0013,2024-03-22T09:49:47Z,session
u0198,2024-03-22T10:02:49Z,session
u0153,2024-03-22T10:21:41Z,session
u0155,2024-03-22T11:39:12Z,session
u0276,2024-03-22T12:10:20Z,session
u0349,2024-03-22T12:33:14Z,session
u0352,2024-03-22T15:03:46Z,session
u0176,2024-03-22T15:09:07Z,session
u0349,2024-03-22T16:21:29Z,session
u0151,2024-03-22T17:02:17Z,session
u0108,2024-03-22T17:59:15Z,session
u0111,2024-03-22T18:06:27Z,session
u0375,2024-03-22T18:59:03Z,session
u0278,2024-03-22T20:14:20Z,session
u0144,2024-03-22T21:19:54Z,session
u0334,2024-03-22T21:46:00Z,session
u0375,2024-03-22T21:57:35Z,session
u0062,2024-03-22T22:51:27Z,session
u0380,2024-03-23T00:22:09Z,session
u0043,2024-03-23T02:08:07Z,session
u0149,2024-03-23T02:47:14Z,session
u0263,2024-03-23T03:50:58Z,session
u0043,2024-03-23T05:36:44Z,session
u0024,2024-03-23T05:39:43Z,session
u0182,2024-03-23T06:36:13Z,session
u0383,2024-03-23T08:55:18Z,session
u0171,2024-03-23T10:03:00Z,session
u0072,2024-03-23T10:20:58Z,session
u0248,2024-03-23T10:26:15Z,session
u0352,2024-03-23T10:39:40Z,session
u0189,2024-03-23T12:25:23Z,session
u0163,2024-03-23T13:45:16Z,session
u0115,2024-03-23T14:05:19Z,session
u0011,2024-03-23T15:02:47Z,session
u0375,2024-03-23T17:29:51Z,session
u0148,2024-03-23T18:36:56Z,session
u0240,2024-03-23T19:58:56Z,session
u0118,2024-03-23T20:58:59Z,session
u0198,2024-03-23T22:29:59Z,session
u0225,2024-03-23T23:58:40Z,session
u0085,2024-03-24T01:50:33Z,session
u0310,2024-03-24T03:19:19Z,session
u0182,2024-03-24T03:23:30Z,session
u0301,2024-03-24T04:34:27Z,session
u0398,2024-03-24T04:48:08Z,session
u0011,2024-03-24T04:58:47Z,session
u0282,2024-03-24T05:38:55Z,session
u0216,2024-03-24T06:08:09Z,session
u0383,2024-03-24T06:12:42Z,session
u0176,2024-03-24T06:18:59Z,session
u0163,2024-03-24T07:22:55Z,session
u0070,2024-03-24T07:49:47Z,session
u0020,2024-03-24T08:18:56Z,session
u0213,2024-03-24T12:07:02Z,session
u0216,2024-03-24T13:55:44Z,session
u0241,2024-03-24T14:16:27Z,session
u0113,2024-03-24T14:21:22Z,session
u0182,2024-03-24T19:47:49Z,session
u0306,2024-03-24T20:02:33Z,session
u0318,2024-03-24T21:07:16Z,session
u0113,2024-03-24T21:25:56Z,session
u0244,2024-03-24T21:29:05Z,session
u0306,2024-03-24T21:36:10Z,session
u0367,2024-03-24T21:56:17Z,session
